,Hits
ERR1001626,15234
ERR1001627,10546
ERR1328122,10912
ERR1328123,73012
ERR1328124,20952
ERR1328125,40703
ERR1328126,36629
ERR1328127,9910
ERR1336911,82799
ERR1336912,21663
ERR3562601,184
ERR3586677,29791
ERR3586678,33888
ERR3586679,50339
ERR3586680,36933
ERR3586681,25932
ERR3586682,45559
ERR3586683,11704
ERR3586684,37000
ERR3586685,34033
ERR3586686,19013
ERR3586687,34423
ERR3586688,43714
ERR3586689,37431
ERR3586690,19558
ERR3586691,26827
ERR3586692,23524
ERR3586693,20758
ERR3586694,16178
ERR3586695,49548
ERR3586696,32844
ERR3586697,32522
ERR3586698,54340
ERR3586699,57362
ERR3586700,86717
ERR3586701,49700
ERR3586702,33703
ERR3586703,59169
ERR3586704,31906
ERR3586705,33638
ERR3586706,62988
ERR3586707,48188
ERR3586708,59820
ERR3586709,30880
ERR3586710,27293
ERR3586711,23944
ERR3586712,22195
ERR3586713,31094
ERR3586714,13518
ERR3586715,6955
ERR3586716,6082
ERR3586717,5977
ERR3586718,8660
ERR3586719,14644
ERR3586720,22308
ERR3586721,16595
ERR3586722,8413
ERR3586723,8787
ERR3586724,15757
ERR3586725,13457
ERR3586726,11908
ERR3586727,8439
ERR3586728,8015
ERR3586729,9062
ERR3586730,8776
ERR3586731,18075
ERR3586732,9896
ERR3586733,4618
ERR3586734,7288
ERR3586735,5529
ERR3586736,5073
ERR3586737,4164
ERR3586738,9911
ERR3586739,11650
ERR3586740,8731
ERR3586741,5731
ERR3586742,10919
ERR3586743,2566
ERR3586744,8609
ERR3586745,4686
ERR3586746,8574
ERR3586747,7657
ERR3586748,11712
ERR3586749,9116
ERR3586750,14081
ERR3586751,12948
ERR3586752,12772
ERR3586753,12237
ERR3586754,12443
ERR3586755,12585
ERR3586756,5551
ERR3586757,5361
ERR3586758,5484
ERR3586759,5381
ERR3586760,7495
ERR3586761,7162
ERR3586762,7401
ERR3586763,7359
ERR3586764,9916
ERR3586765,9754
ERR3586766,9694
ERR3586767,9754
ERR3586768,9054
ERR3586769,8944
ERR3586770,8907
ERR3586771,8979
ERR3586772,17884
ERR3586773,17981
ERR3586774,17668
ERR3586775,17861
ERR3586776,8550
ERR3586777,8492
ERR3586778,8644
ERR3586779,8543
ERR3586780,11652
ERR3586781,11482
ERR3586782,11584
ERR3586783,11692
ERR3586784,30038
ERR3586785,10599
ERR3586786,4949
ERR3586787,4900
ERR3586788,10198
ERR3586789,11990
ERR3586790,5606
ERR3586791,5680
ERR3586792,11457
ERR3586793,6862
ERR3586794,6969
ERR3586795,6899
ERR3586796,6904
ERR3586797,5777
ERR3586798,5643
ERR3586799,5694
ERR3586800,5587
ERR3586801,17045
ERR3586802,7841
ERR3586803,7775
ERR3586804,15888
ERR3586805,10175
ERR3586806,10066
ERR3586807,10323
ERR3586808,10167
ERR3586809,12603
ERR3586810,12986
ERR3586811,12479
ERR3586812,12408
ERR3586813,11748
ERR3586814,11796
ERR3586815,11663
ERR3586816,11642
ERR3586817,8169
ERR3586818,8204
ERR3586819,8279
ERR3586820,8281
ERR3586821,9231
ERR3586822,9218
ERR3586823,9340
ERR3586824,9304
ERR3586825,12648
ERR3586826,12332
ERR3586827,12911
ERR3586828,12439
ERR3586829,8858
ERR3586830,4128
ERR3586831,4241
ERR3586832,8402
ERR3586833,73484
ERR3586834,8335
ERR3586835,8542
ERR3586836,8023
ERR3586837,8177
ERR3586838,8464
ERR3586839,8292
ERR3586840,10673
ERR3586841,10907
ERR3586842,10461
ERR3586843,10468
ERR3586844,10859
ERR3586845,10528
ERR3586846,17603
ERR3586847,17717
ERR3586848,17129
ERR3586849,17582
ERR3586850,17709
ERR3586851,17278
ERR3586852,12689
ERR3586853,12898
ERR3586854,12317
ERR3586855,12621
ERR3586856,12907
ERR3586857,12567
ERR3586858,9308
ERR3586859,9663
ERR3586860,9456
ERR3586861,9324
ERR3586862,9627
ERR3586863,9625
ERR3586864,9651
ERR3586865,9306
ERR3586866,4959
ERR3586867,5008
ERR3586868,4971
ERR3586869,4795
ERR3586870,4950
ERR3586871,5071
ERR3586872,4992
ERR3586873,4807
ERR3586874,12967
ERR3586875,13015
ERR3586876,12959
ERR3586877,12957
ERR3586878,13243
ERR3586879,13383
ERR3586880,13298
ERR3586881,13155
ERR3586882,8027
ERR3586883,8155
ERR3586884,7955
ERR3586885,8087
ERR3586886,8130
ERR3586887,8249
ERR3586888,8353
ERR3586889,8138
ERR3586890,57508
ERR3586891,18155
ERR3586892,42555
ERR3586893,53989
ERR3586894,33589
ERR3586895,48151
ERR3586896,22700
ERR3586897,49609
ERR3586898,59508
ERR3586899,6627
ERR3586900,27638
ERR3586901,25725
ERR3586902,16789
ERR3586903,5621
ERR3586904,5635
ERR3586905,5546
ERR3586906,5236
ERR3586907,5424
ERR3586908,5299
ERR3586909,5329
ERR3586910,5178
ERR3586911,6769
ERR3586912,6825
ERR3586913,6635
ERR3586914,6744
ERR3586915,6674
ERR3586916,6535
ERR3586917,6472
ERR3586918,6361
ERR3586919,10568
ERR3586920,10381
ERR3586921,10092
ERR3586922,9957
ERR3586923,10032
ERR3586924,10046
ERR3586925,10118
ERR3586926,9716
ERR3586927,4338
ERR3586928,4382
ERR3586929,4237
ERR3586930,4240
ERR3586931,4237
ERR3586932,4292
ERR3586933,4315
ERR3586934,4105
ERR3586935,27404
ERR3586936,35840
ERR3586937,34955
ERR3586938,27099
ERR3586939,33567
ERR3586940,15972
ERR3586941,30304
ERR3586942,32940
ERR3586943,25775
ERR3586944,16565
ERR3586945,25175
ERR3586946,27038
ERR3586947,38882
ERR3586948,19147
ERR3586949,27658
ERR3586950,30026
ERR3586951,31550
ERR3586952,23438
ERR3586953,27144
ERR3586954,12118
ERR3586955,26996
ERR3586956,32770
ERR3586957,47681
ERR3586958,15657
ERR3586959,15563
ERR3586960,34919
ERR3586961,59223
ERR3586962,28477
ERR3586963,31727
ERR3586964,30523
ERR3586965,38560
ERR3586966,23636
ERR3586967,43354
ERR3586968,56229
ERR3586969,27936
ERR3586970,49695
ERR3586971,65067
ERR3586972,33121
ERR3586973,24450
ERR3586974,33909
ERR3586975,40843
ERR3586976,46595
ERR3586977,32402
ERR3586978,55400
ERR3586979,41415
ERR3586980,25627
ERR3586981,34050
ERR3586982,6624
ERR3586983,32900
ERR3586984,35534
ERR3586985,73006
ERR3586986,59891
ERR3586987,6871
ERR3586988,57776
ERR3586989,73551
ERR3586990,53681
ERR3586991,6968
ERR3586992,7196
ERR3586993,10657
ERR3586994,10612
ERR3586995,10280
ERR3586996,5446
ERR3586997,11298
ERR3586998,14396
ERR3586999,7533
ERR3587000,5750
ERR3587001,18184
ERR3587002,10832
ERR3587003,8078
ERR3587004,18959
ERR3587005,4848
ERR3587006,9597
ERR3587007,2351
ERR3587008,3145
ERR3587009,7274
ERR3587010,4611
ERR3587011,5231
ERR3587012,7699
ERR3587013,9711
ERR3587014,6381
ERR3587015,10167
ERR3587016,12162
ERR3587017,19356
ERR3587018,6806
ERR3587019,4895
ERR3587020,14162
ERR3587021,7366
ERR3587022,11725
ERR3587023,4705
ERR3587024,9303
ERR3587025,15014
ERR3587026,11098
ERR3587027,9245
ERR3587028,6083
ERR3587029,11853
ERR3587030,11062
ERR3587031,7819
ERR3587032,19485
ERR3587033,14887
ERR3587034,9331
ERR3587035,5445
ERR3587036,7957
ERR3587037,7450
ERR3587038,7651
ERR3587039,7582
ERR3587040,9415
ERR3587041,9577
ERR3587042,10950
ERR3587043,3819
ERR3587044,10257
ERR3587045,10264
ERR3587046,8543
ERR3587047,10158
ERR3587048,8412
ERR3587049,6420
ERR3587050,11292
ERR3587051,9049
ERR3587052,8022
ERR3587053,10676
ERR3587054,5406
ERR3587055,8556
ERR3587056,4132
ERR3587057,7910
ERR3587058,4212
ERR3587059,7006
ERR3587060,10107
ERR3587061,14725
ERR3587062,14157
ERR3587063,5102
ERR3587064,9607
ERR3587065,14376
ERR3587066,7988
ERR3587067,13983
ERR3587068,7865
ERR3587069,18833
ERR3587070,4511
ERR3587071,8859
ERR3587072,13074
ERR3587073,11013
ERR3587074,10646
ERR3587075,7630
ERR3587076,5660
ERR3587077,11596
ERR3587078,17573
ERR3587079,13412
ERR3587080,1543
ERR3587081,11180
ERR3587082,18587
ERR3587083,11351
ERR3587084,17114
ERR3587085,12361
ERR3587086,8398
ERR3587087,8555
ERR3587088,8821
ERR3587089,10209
ERR3587090,9358
ERR3587091,16805
ERR3587092,8429
ERR3587093,11555
ERR3587094,16897
ERR3587095,6318
ERR3587096,8611
ERR3587097,9362
ERR3587098,12879
ERR3587099,7455
ERR3587100,13685
ERR3587101,12415
ERR3587102,7273
ERR3587103,9050
ERR3587104,9772
ERR3587105,9980
ERR3587106,43463
ERR3587107,67733
ERR3587108,37324
ERR3587109,58705
ERR3587110,64504
ERR3587111,49371
ERR3587112,37608
ERR3587113,32728
ERR3587114,38192
ERR3587115,42434
ERR3587116,36784
ERR3587117,22723
ERR3587118,55567
ERR3587119,48547
ERR3587120,37469
ERR3587121,27242
ERR3587122,96492
ERR3587123,43872
ERR3587124,48834
ERR3587125,38634
ERR3587126,75195
ERR3587127,50727
ERR3587128,50318
ERR3587129,85140
ERR3587130,29033
ERR3587131,90119
ERR3587132,91812
ERR3587133,83982
ERR3587134,53798
ERR3587135,39886
ERR3587136,28308
ERR3587137,45642
ERR3587138,37635
ERR3587139,64785
ERR3587140,31361
ERR3587141,59749
ERR3587142,39014
ERR3587143,31197
ERR3587144,34074
ERR3587145,73560
ERR3587146,66623
ERR3587147,79092
ERR3587148,45890
ERR3587149,102010
ERR3587150,75805
ERR3587151,9575
ERR3587152,8366
ERR3587153,7513
ERR3587154,13689
ERR3587155,17693
ERR3587156,18877
ERR3587157,27525
ERR3587158,25981
ERR3587159,13807
ERR3587160,18057
ERR3587161,13488
ERR3587162,14253
ERR3587163,26579
ERR3587164,6954
ERR3587165,22165
ERR3587166,9584
ERR3587167,10692
ERR3587168,20580
ERR3587169,26498
ERR3587170,5819
ERR3587171,12764
ERR3587172,17843
ERR3587173,12382
ERR3587174,21182
ERR3587175,10135
ERR3587176,9084
ERR3587177,9520
ERR3587178,9216
ERR3587179,6382
ERR3587180,15097
ERR3587181,8969
ERR3587182,16439
ERR3587183,14077
ERR3587184,10274
ERR3587185,8254
ERR3587186,9175
ERR3587187,11641
ERR3587188,9563
ERR3587189,21953
ERR3587190,10979
ERR3587191,10787
ERR3587192,18238
ERR3587193,9005
ERR3587194,10929
ERR3587195,6754
ERR3587196,12629
ERR3587197,39536
ERR3587198,35781
ERR3587199,27485
ERR3587200,40566
ERR3587201,8082
ERR3587202,6060
ERR3587203,5854
ERR3587204,7973
