	PHB	PHA	PHO	PCL	PVA	PU	PPL	P3HP	P4HB	PEA	PES	O-PVA	PBS	PLA	P(3HB-co-3MP)	PEG	PHBV	PHPV	Nylon	PBSA	PET	PE	PBS-Blend	PBSA-Blend	P3HV	PBAT	PEF	PMCL	LDPE	PS	NR
ERR1001626	396	725	0	194	2	76	1	3	3	3	180	0	131	348	0	1708	200	0	48	283	135	12	0	0	154	181	0	0	108	166	4
ERR1001627	51	74	0	25	1	67	0	0	0	0	12	0	6	91	0	1665	23	0	28	49	81	1	0	0	17	91	0	0	25	55	0
ERR1328122	85	119	0	62	2	90	0	0	0	0	21	0	3	136	1	1752	37	0	29	46	112	2	0	0	16	106	0	0	14	0	5
ERR1328123	254	345	0	159	0	282	0	0	0	0	62	0	21	812	0	13656	91	0	129	106	403	0	0	0	50	639	0	0	48	0	1
ERR1328124	87	104	0	47	0	88	0	0	0	0	20	0	13	252	0	4008	17	0	43	42	115	0	0	0	10	196	0	0	10	0	0
ERR1328125	343	449	0	173	6	261	1	4	4	4	52	0	11	436	11	6203	109	0	104	161	482	8	0	0	69	446	0	0	46	0	20
ERR1328126	132	199	0	80	16	230	0	1	1	1	54	0	30	343	0	6316	66	0	80	90	424	0	0	0	41	363	0	0	13	44	1
ERR1328127	36	54	0	24	5	56	0	0	0	0	16	0	12	104	1	1768	16	0	26	25	111	0	0	0	12	91	0	0	5	15	0
ERR1336911	1594	2791	0	71	0	278	0	0	0	0	48	0	0	1412	0	14370	1197	0	137	126	1016	0	0	0	1149	1540	0	0	156	69	166
ERR1336912	389	697	0	13	0	58	0	0	0	0	12	0	0	376	0	3676	308	0	24	27	249	0	0	0	296	384	0	0	33	27	41
ERR3562601	2	2	0	0	0	0	0	1	1	1	1	0	0	4	0	39	0	0	5	1	1	1	0	0	0	2	0	0	1	0	0
ERR3586677	119	226	0	153	1	148	0	0	0	0	102	0	88	431	0	3498	107	0	103	123	222	0	0	0	71	406	16	0	32	9	15
ERR3586678	56	142	0	130	1	264	4	4	4	4	36	0	9	333	0	5624	86	0	65	62	365	3	0	0	63	313	0	0	47	11	41
ERR3586679	87	320	0	592	1	685	0	1	1	1	169	0	16	641	2	10513	232	0	137	226	959	0	0	0	73	757	5	0	110	20	17
ERR3586680	37	156	0	434	0	458	2	2	2	2	105	0	12	526	2	7515	119	0	88	169	594	0	0	0	28	489	0	0	55	9	8
ERR3586681	116	231	14	140	1	142	0	0	0	0	131	0	88	563	0	3452	101	0	184	242	294	0	0	0	58	530	0	0	24	10	6
ERR3586682	197	378	0	349	9	383	0	0	0	0	57	0	42	656	0	5966	181	0	72	95	588	4	0	0	140	617	35	0	130	0	96
ERR3586683	33	102	0	269	2	379	0	1	1	1	28	0	0	137	3	1775	69	0	27	39	354	0	0	0	42	229	0	0	32	10	39
ERR3586684	267	460	0	341	0	369	0	0	0	0	60	0	7	346	0	6809	193	0	47	90	435	0	0	0	140	365	0	0	107	1	67
ERR3586685	80	192	0	128	2	225	0	5	5	5	50	0	7	396	0	5848	110	0	94	66	307	2	0	0	69	453	3	0	78	2	44
ERR3586686	59	183	0	286	2	316	0	1	1	1	85	0	16	423	0	3897	121	0	38	126	411	0	0	0	48	402	2	0	73	10	15
ERR3586687	38	162	0	439	6	508	2	3	3	3	79	0	11	592	0	7712	122	0	142	111	730	0	0	0	54	653	2	0	134	13	103
ERR3586688	113	206	0	148	3	257	1	1	1	1	28	0	19	424	5	6239	93	0	101	65	496	12	0	0	72	509	11	0	99	2	96
ERR3586689	40	107	0	242	3	402	2	2	2	2	60	0	21	395	0	7078	67	0	102	82	520	4	0	0	27	418	5	0	58	7	19
ERR3586690	78	172	0	101	0	121	0	0	0	0	48	0	46	258	0	2453	93	0	49	60	183	0	0	0	76	355	0	0	49	0	23
ERR3586691	61	131	0	169	4	195	0	0	0	0	53	0	34	300	0	4053	70	0	76	68	320	4	0	0	41	370	4	0	24	0	11
ERR3586692	280	369	0	371	11	222	0	0	0	0	84	0	163	392	0	2961	86	0	51	132	435	15	0	0	51	367	55	0	8	0	5
ERR3586693	54	118	0	214	0	220	2	3	3	3	78	0	38	472	0	3781	63	0	52	103	327	1	0	0	18	373	9	0	100	20	2
ERR3586694	50	152	0	347	2	378	1	1	1	1	71	0	10	233	0	3460	102	0	26	82	438	0	0	0	38	292	1	0	42	9	10
ERR3586695	11	18	0	232	0	232	0	0	0	0	11	0	11	53	0	10910	7	0	4	15	264	0	0	0	7	186	0	0	112	64	13
ERR3586696	50	94	0	422	2	480	1	1	1	1	34	0	15	142	1	6992	42	0	30	65	522	2	0	0	24	221	0	0	87	15	17
ERR3586697	38	81	1	145	1	162	0	0	0	0	24	0	15	157	0	5638	37	1	69	41	321	0	0	0	24	300	2	0	40	87	25
ERR3586698	80	285	0	702	13	919	9	9	9	9	139	0	10	427	0	11493	201	0	42	224	1846	0	0	0	75	1489	0	0	116	58	7
ERR3586699	89	362	1	530	3	525	4	5	5	5	212	0	27	956	0	14096	269	0	91	253	829	1	0	0	78	1009	9	0	125	21	14
ERR3586700	85	478	0	1341	2	1285	2	3	3	3	347	0	19	1067	0	16543	381	0	58	574	2028	1	0	0	54	2044	2	0	231	34	17
ERR3586701	251	446	0	454	3	339	0	0	0	0	251	0	125	817	0	8061	193	0	149	328	806	3	0	0	58	1162	11	0	119	29	15
ERR3586702	58	149	0	495	0	527	3	3	3	3	87	0	31	308	0	5735	86	0	34	149	1075	0	0	0	28	829	0	0	53	32	11
ERR3586703	238	451	1	460	4	581	2	2	2	2	93	0	18	537	1	9570	202	0	70	126	817	0	0	0	121	677	8	0	171	19	92
ERR3586704	789	1132	0	376	9	461	0	3	3	3	52	0	3	457	3	5732	341	0	44	74	496	10	0	0	295	469	0	0	65	5	16
ERR3586705	444	767	2	542	0	552	0	0	0	0	113	0	56	534	0	5217	313	2	100	147	672	62	0	0	236	476	10	0	282	21	1
ERR3586706	54	231	0	516	2	726	1	1	1	1	127	0	16	1000	0	10673	172	0	92	211	980	13	0	0	53	1009	4	0	118	33	7
ERR3586707	56	265	0	439	4	479	0	1	1	1	160	0	34	988	0	8810	205	0	217	228	687	11	0	0	60	746	18	0	138	15	6
ERR3586708	100	273	0	238	2	159	1	0	0	0	145	0	37	622	0	13199	173	0	100	163	540	17	0	0	63	817	0	0	216	17	2
ERR3586709	55	141	2	84	3	142	0	0	0	0	67	0	22	314	0	6001	86	2	46	90	367	49	0	0	38	488	1	0	155	1	8
ERR3586710	24	90	0	270	0	382	3	2	2	2	51	0	11	191	0	5699	66	0	20	61	499	6	0	0	27	453	0	0	125	11	0
ERR3586711	29	79	0	61	4	125	0	0	0	0	26	0	13	120	0	4266	50	0	23	39	172	5	0	0	34	184	0	0	65	7	1
ERR3586712	6	51	0	94	1	123	0	1	1	1	29	0	2	109	0	4842	44	0	6	39	212	0	0	0	18	278	0	0	55	26	4
ERR3586713	249	477	0	309	21	264	0	0	0	0	143	0	119	417	0	4350	228	0	175	310	456	66	0	0	186	568	17	0	62	466	0
ERR3586714	31	73	0	57	1	125	1	1	1	1	19	0	5	161	1	2337	42	0	32	28	154	1	0	0	29	135	0	0	16	0	15
ERR3586715	5	18	0	69	0	100	0	0	0	0	11	0	2	42	0	1384	13	0	5	15	147	1	0	0	3	109	0	0	36	1	0
ERR3586716	4	12	0	19	0	38	0	0	0	0	3	0	2	24	0	1098	8	0	7	7	50	1	0	0	6	43	0	0	14	4	1
ERR3586717	2	15	0	34	0	43	0	0	0	0	8	0	0	33	0	1263	13	0	1	10	66	0	0	0	5	72	0	0	11	7	0
ERR3586718	4	21	0	110	2	115	0	0	0	0	11	0	0	54	0	1762	17	0	3	19	134	0	0	0	6	60	0	0	23	3	9
ERR3586719	21	89	0	152	1	146	0	0	0	0	50	0	10	262	0	3505	67	0	25	64	228	0	0	0	21	266	5	0	29	4	1
ERR3586720	22	118	0	363	0	350	0	0	0	0	84	0	5	292	0	4246	93	0	16	153	518	0	0	0	13	526	1	0	58	15	2
ERR3586721	70	101	1	115	1	169	1	1	1	1	16	0	1	117	0	2665	30	0	19	26	211	2	0	0	15	145	1	0	45	7	29
ERR3586722	204	284	0	115	0	137	0	0	0	0	12	0	3	102	1	1533	80	0	12	20	147	2	0	0	71	114	0	0	20	0	2
ERR3586723	105	202	0	155	0	151	0	0	0	0	39	0	19	148	0	1323	93	0	35	48	179	25	0	0	69	126	2	0	79	3	1
ERR3586724	13	52	0	104	0	160	0	0	0	0	24	0	3	227	0	2655	39	0	32	41	221	3	0	0	16	240	2	0	30	6	2
ERR3586725	23	83	0	145	0	143	0	1	1	1	50	0	13	284	0	2464	57	0	63	68	211	7	0	0	16	206	4	0	40	7	0
ERR3586726	35	94	0	116	0	141	0	0	0	0	38	0	3	117	0	2492	58	0	27	52	188	0	0	0	23	176	0	0	26	2	1
ERR3586727	9	35	0	99	1	102	0	0	0	0	16	0	6	104	0	1796	26	0	15	27	130	0	0	0	14	115	2	0	10	4	2
ERR3586728	15	52	0	30	1	52	0	0	0	0	13	0	1	86	0	1342	37	0	11	21	83	0	0	0	25	120	0	0	19	0	5
ERR3586729	32	52	0	52	0	72	0	0	0	0	7	0	12	119	1	1503	20	0	30	17	140	3	0	0	13	117	9	0	25	0	24
ERR3586730	10	30	0	52	0	81	0	0	0	0	18	0	4	87	0	1628	20	0	29	25	112	0	0	0	6	88	0	0	19	2	5
ERR3586731	26	86	0	63	2	46	0	0	0	0	40	0	5	175	0	4036	60	0	37	42	145	3	0	0	25	213	0	0	56	1	1
ERR3586732	14	40	0	26	1	52	0	0	0	0	19	0	4	104	0	2023	26	0	19	27	105	16	0	0	9	134	2	0	50	1	4
ERR3586733	26	48	0	33	0	27	0	0	0	0	23	0	17	68	0	570	20	0	9	25	47	0	0	0	13	86	0	0	11	0	5
ERR3586734	13	35	0	43	0	53	0	0	0	0	12	0	7	76	0	1105	21	0	27	18	92	3	0	0	14	114	2	0	6	0	1
ERR3586735	64	88	0	77	1	53	0	0	0	0	20	0	33	98	0	687	23	0	7	44	94	2	0	0	12	92	10	0	2	0	1
ERR3586736	9	22	0	46	0	46	0	0	0	0	12	0	6	98	0	1007	12	0	10	15	65	1	0	0	4	58	3	0	21	1	0
ERR3586737	11	28	0	87	0	93	0	0	0	0	14	0	4	49	0	914	17	0	4	16	110	0	0	0	6	75	0	0	9	1	4
ERR3586738	32	72	0	46	0	62	0	0	0	0	33	0	26	169	0	1219	40	0	33	42	78	0	0	0	27	142	5	0	13	4	4
ERR3586739	53	102	0	108	0	62	0	0	0	0	65	0	38	210	0	1852	47	0	32	88	169	4	0	0	18	261	1	0	28	6	2
ERR3586740	11	42	0	119	0	123	1	1	1	1	27	0	6	73	0	1511	30	0	11	41	245	0	0	0	9	199	0	0	12	8	4
ERR3586741	22	59	8	30	2	26	0	0	0	0	29	0	14	116	0	741	29	0	45	49	72	0	0	0	14	134	0	0	15	1	0
ERR3586742	56	93	0	82	2	100	0	0	0	0	10	0	10	157	0	1413	37	0	16	18	147	3	0	0	33	142	6	0	30	0	19
ERR3586743	4	24	0	48	0	65	0	0	0	0	7	0	0	43	0	446	20	0	5	10	66	0	0	0	13	51	0	0	9	2	9
ERR3586744	69	108	0	75	0	80	0	0	0	0	12	0	3	82	0	1594	39	0	11	22	103	0	0	0	30	95	0	0	35	1	19
ERR3586745	8	33	0	62	0	65	0	0	0	0	17	0	3	81	0	1058	25	0	6	25	91	2	0	0	8	81	1	0	23	0	1
ERR3586746	7	43	0	109	0	127	0	0	0	0	25	0	1	143	0	1876	35	0	38	39	174	1	0	0	11	132	0	0	33	6	26
ERR3586747	47	97	0	56	6	55	0	0	0	0	22	0	22	95	0	1094	50	0	27	61	95	14	0	0	46	128	4	0	16	113	0
ERR3586748	3	4	0	59	0	57	0	0	0	0	3	0	3	19	0	2645	1	0	2	3	70	0	0	0	1	40	0	0	17	15	4
ERR3586749	10	18	1	39	0	41	0	0	0	0	10	0	7	46	0	1594	6	1	18	15	71	0	0	0	2	68	0	0	5	28	3
ERR3586750	12	53	0	163	4	217	0	0	0	0	28	0	1	97	0	2980	40	0	19	54	420	0	0	0	13	362	0	0	32	20	0
ERR3586751	71	96	0	48	7	59	2	0	0	0	14	0	12	143	0	2510	25	0	28	37	127	2	0	0	20	121	3	0	38	2	1
ERR3586752	636	681	0	27	2	41	0	0	0	0	18	0	4	144	0	1844	45	0	48	33	113	6	0	0	31	165	0	0	55	22	0
ERR3586753	613	656	0	31	4	55	0	0	0	0	13	0	2	129	0	1772	43	0	44	34	142	1	0	0	32	135	0	0	44	24	0
ERR3586754	635	684	0	24	7	38	0	1	1	1	14	0	1	114	0	1833	49	0	36	34	130	1	0	0	37	164	0	0	40	24	0
ERR3586755	650	702	0	31	5	50	0	0	0	0	15	0	3	122	0	1843	52	0	42	31	136	3	0	0	40	165	0	0	31	20	0
ERR3586756	68	89	0	18	5	23	6	6	6	6	14	0	1	71	0	924	26	0	9	23	33	1	0	0	14	39	1	0	72	3	12
ERR3586757	77	96	0	30	6	24	3	3	3	3	15	0	5	74	0	894	22	0	8	34	42	1	0	0	9	54	4	0	77	4	5
ERR3586758	60	91	0	21	4	20	3	3	3	3	11	0	2	52	0	885	34	0	8	25	31	1	0	0	25	42	0	0	65	7	5
ERR3586759	76	92	0	23	5	25	3	3	3	3	11	0	3	61	0	851	19	0	8	26	48	2	0	0	11	53	3	0	60	8	5
ERR3586760	147	182	0	88	1	59	0	0	0	0	9	0	2	219	0	777	35	0	19	89	103	6	0	0	26	129	2	0	32	0	1
ERR3586761	120	177	0	91	2	60	0	0	0	0	11	0	5	232	0	713	57	0	9	91	102	4	0	0	46	119	5	0	29	1	1
ERR3586762	176	230	0	94	1	63	0	0	0	0	14	0	6	236	0	773	54	0	13	95	101	5	0	0	41	149	5	0	19	0	1
ERR3586763	116	164	0	82	3	79	1	1	1	1	15	0	4	210	0	750	48	0	17	81	98	4	0	0	35	141	3	0	29	1	1
ERR3586764	68	89	0	268	0	111	0	1	1	1	7	0	14	650	0	1105	21	0	14	257	188	27	0	0	20	328	4	0	22	14	17
ERR3586765	64	80	0	281	0	125	0	1	1	1	6	0	12	666	0	1044	17	0	11	273	213	25	0	0	16	351	6	0	21	19	19
ERR3586766	55	71	0	234	1	109	1	2	2	2	4	0	3	622	0	1053	16	0	18	234	174	21	0	0	15	364	2	0	19	8	20
ERR3586767	59	78	0	245	0	117	1	1	1	1	6	0	9	642	0	1045	19	0	23	235	181	24	0	0	17	323	4	0	30	13	15
ERR3586768	170	295	1	61	2	48	0	0	0	0	27	0	14	233	0	1024	123	0	29	78	91	3	0	0	103	133	7	0	46	6	14
ERR3586769	150	254	0	50	4	43	0	0	0	0	24	0	12	218	0	1012	104	0	26	74	78	3	0	0	86	127	6	0	50	7	11
ERR3586770	182	294	1	65	8	38	0	0	0	0	33	0	13	205	0	1076	109	0	24	81	80	3	0	0	87	114	2	0	44	4	11
ERR3586771	206	314	0	66	2	26	0	0	0	0	26	0	12	216	1	1035	109	0	36	95	60	5	0	0	93	116	1	0	61	8	8
ERR3586772	1050	1580	0	239	74	226	0	2	2	2	89	0	24	655	5	1363	530	0	81	481	304	42	0	0	447	401	21	0	267	114	4
ERR3586773	1068	1637	0	252	109	191	0	4	4	4	106	0	32	684	3	1368	569	0	96	536	284	39	0	0	473	427	26	0	273	118	5
ERR3586774	1058	1599	0	245	87	220	0	5	5	5	90	0	33	651	5	1363	541	0	91	483	303	43	0	0	461	434	32	0	259	108	2
ERR3586775	1013	1525	0	235	90	195	0	5	5	5	102	0	28	610	3	1364	512	0	72	500	304	42	0	0	419	415	23	0	281	127	6
ERR3586776	399	547	6	96	5	73	3	12	12	12	51	0	2	178	5	1015	155	6	44	106	99	14	0	0	106	106	0	16	185	4	0
ERR3586777	372	529	4	100	3	49	2	8	8	8	59	0	2	202	4	1013	161	4	39	129	81	15	0	0	104	103	0	8	180	2	6
ERR3586778	387	555	6	105	2	49	2	4	4	4	58	0	4	198	2	977	172	6	57	131	84	16	0	0	112	118	1	9	180	0	10
ERR3586779	397	556	4	114	2	64	5	11	11	11	65	0	1	214	1	1047	167	4	40	139	91	16	0	0	103	99	0	12	161	3	4
ERR3586780	102	132	0	35	28	43	1	1	1	1	21	0	17	146	2	1676	28	0	45	49	106	83	0	0	22	143	0	0	13	2	2
ERR3586781	109	148	0	39	26	46	0	0	0	0	19	0	15	166	0	1646	38	0	36	50	94	80	0	0	31	139	1	0	15	4	5
ERR3586782	121	164	1	40	23	61	0	0	0	0	23	0	21	132	0	1701	35	0	42	50	117	67	0	0	30	152	0	0	16	2	5
ERR3586783	119	168	0	41	20	49	0	0	0	0	21	0	17	140	1	1690	47	0	39	49	120	72	0	0	41	164	0	0	14	6	4
ERR3586784	133	221	0	82	85	179	0	0	0	0	49	0	23	333	3	5748	91	0	69	79	354	0	0	0	61	456	0	0	33	1	14
ERR3586785	113	175	0	29	12	51	0	0	0	0	23	0	23	110	0	1436	23	0	44	53	81	0	0	0	23	104	0	0	43	87	0
ERR3586786	54	77	0	5	6	23	0	0	0	0	2	0	2	46	0	627	9	0	36	17	35	0	0	0	9	50	0	0	21	49	0
ERR3586787	50	69	0	7	5	28	0	0	0	0	5	0	5	39	0	636	12	0	30	26	36	0	0	0	12	47	0	0	12	36	0
ERR3586788	117	158	0	14	11	58	0	0	0	0	10	0	10	98	0	1257	21	0	67	43	84	0	0	0	21	118	0	0	42	105	0
ERR3586789	18	45	0	26	3	56	0	0	0	0	7	0	0	87	0	2353	27	0	18	12	132	1	0	0	20	146	0	0	9	3	1
ERR3586790	7	18	0	12	0	29	0	0	0	0	4	0	1	31	0	1057	11	0	9	4	58	0	0	0	7	43	1	0	3	2	0
ERR3586791	7	20	0	11	1	24	0	0	0	0	1	0	0	31	0	1079	13	0	16	5	56	0	0	0	12	63	0	0	2	3	0
ERR3586792	8	30	0	29	2	59	0	0	0	0	6	0	1	77	1	2136	22	0	17	12	116	1	0	0	17	105	0	0	7	3	1
ERR3586793	103	133	0	105	2	87	1	1	1	1	13	0	12	241	0	714	29	0	16	115	134	2	0	0	23	180	6	0	34	2	1
ERR3586794	105	152	0	115	3	83	2	4	4	4	21	0	10	255	0	705	46	0	17	112	143	1	0	0	32	160	7	0	33	2	0
ERR3586795	108	154	0	118	0	85	0	1	1	1	22	0	13	254	0	675	46	0	11	129	154	4	0	0	29	186	9	0	47	3	0
ERR3586796	99	126	0	119	3	80	1	1	1	1	13	0	16	256	0	756	27	0	11	129	148	2	0	0	21	192	10	0	33	3	0
ERR3586797	127	168	0	50	5	39	10	10	10	10	29	0	15	127	1	994	40	0	20	63	61	15	0	0	31	97	0	0	6	0	2
ERR3586798	120	156	1	61	2	34	4	5	5	5	25	0	12	114	0	998	33	0	22	59	53	16	0	0	23	92	0	0	7	1	1
ERR3586799	147	181	0	47	2	37	5	5	5	5	24	0	10	119	4	903	33	0	25	50	51	14	0	0	21	90	0	0	13	1	2
ERR3586800	110	145	1	49	3	37	7	8	8	8	26	0	8	122	0	898	34	1	23	62	61	20	0	0	21	81	0	0	6	1	3
ERR3586801	62	117	0	34	1	77	1	1	1	1	20	0	3	185	3	2973	57	0	42	39	160	0	0	0	39	174	0	0	11	0	9
ERR3586802	22	53	0	15	0	18	0	0	0	0	9	0	1	79	0	1331	31	0	20	17	57	2	0	0	23	70	0	0	10	2	3
ERR3586803	37	54	0	9	0	37	0	0	0	0	6	0	3	60	0	1379	17	0	14	13	77	1	0	0	13	84	1	0	6	1	3
ERR3586804	63	108	0	30	1	70	2	2	2	2	19	0	5	165	1	2724	45	0	40	35	144	0	0	0	33	175	0	0	14	3	9
ERR3586805	142	181	0	36	4	62	0	1	1	1	21	0	9	128	0	1269	39	0	36	48	94	4	0	0	27	169	1	0	22	0	5
ERR3586806	142	184	0	33	5	58	0	2	2	2	19	0	6	95	1	1235	42	0	45	38	106	5	0	0	31	190	0	0	33	1	2
ERR3586807	133	167	0	32	5	62	2	2	2	2	15	0	2	127	0	1192	34	0	37	45	111	5	0	0	23	171	0	0	25	0	5
ERR3586808	129	179	0	38	2	51	0	2	2	2	24	0	12	145	1	1272	50	0	32	42	107	4	0	0	39	204	0	0	33	0	2
ERR3586809	194	254	0	36	6	64	0	2	2	2	21	0	12	167	0	1727	60	0	37	47	140	6	0	0	50	231	1	0	15	2	2
ERR3586810	199	274	0	45	5	82	2	1	1	1	26	0	9	154	0	1817	73	0	40	44	134	5	0	0	55	222	1	0	14	2	3
ERR3586811	239	300	0	44	3	74	0	1	1	1	24	0	14	169	0	1688	61	0	36	56	132	4	0	0	49	224	1	0	14	2	4
ERR3586812	228	310	0	45	2	73	0	0	0	0	20	0	13	169	0	1726	81	0	29	48	129	7	0	0	69	177	1	0	14	2	3
ERR3586813	62	93	0	50	7	93	2	1	1	1	23	0	10	152	0	2062	33	0	28	35	154	1	0	0	19	190	0	1	12	4	14
ERR3586814	77	112	0	58	4	93	2	1	1	1	29	0	13	177	1	1997	38	0	30	45	150	1	0	0	19	199	0	0	7	1	20
ERR3586815	65	116	0	48	3	78	1	1	1	1	24	0	7	151	0	1990	54	0	22	32	135	1	0	0	35	190	0	0	6	4	17
ERR3586816	56	92	0	53	7	93	1	1	1	1	20	0	5	127	2	1951	38	0	23	31	154	2	0	0	22	193	3	0	13	0	18
ERR3586817	61	72	0	29	2	33	2	2	2	2	13	0	9	63	1	1075	12	0	16	15	53	1	0	0	8	57	0	0	12	4	2
ERR3586818	67	81	0	17	1	33	1	1	1	1	7	0	4	64	0	1086	14	0	12	15	56	1	0	0	12	61	0	0	6	7	1
ERR3586819	44	58	0	18	2	34	0	0	0	0	6	0	4	61	0	1122	14	0	14	9	58	1	0	0	12	74	0	0	13	9	1
ERR3586820	58	72	0	21	0	37	2	2	2	2	8	0	4	60	1	1091	15	0	15	14	68	0	0	0	11	69	0	0	18	4	0
ERR3586821	69	96	1	20	9	88	2	3	3	3	9	0	1	98	0	1419	26	0	21	35	108	2	0	0	21	98	0	1	24	3	4
ERR3586822	71	82	1	19	3	75	5	5	5	5	7	0	2	90	1	1406	11	0	23	24	104	0	0	0	9	100	0	1	35	3	5
ERR3586823	74	103	1	22	4	78	2	3	3	3	13	0	3	101	3	1497	30	1	24	37	106	2	0	0	20	106	0	0	26	2	6
ERR3586824	66	88	0	19	5	68	1	1	1	1	5	0	1	73	1	1448	22	0	21	19	99	0	0	0	19	83	0	0	17	3	1
ERR3586825	438	661	0	138	16	100	9	12	12	12	81	0	7	290	1	1351	224	0	36	194	84	55	0	0	159	355	2	0	93	0	37
ERR3586826	390	611	0	116	8	89	5	10	10	10	70	0	7	267	1	1393	221	0	39	193	73	49	0	0	164	347	1	0	91	0	38
ERR3586827	405	661	2	119	10	86	6	8	8	8	70	0	6	276	0	1489	253	0	46	179	73	54	0	0	193	316	2	0	80	1	35
ERR3586828	449	678	0	125	9	79	13	12	12	12	82	0	7	277	0	1378	228	0	46	195	77	43	0	0	163	312	1	0	88	0	42
ERR3586829	45	104	0	2	3	34	0	0	0	0	0	0	0	59	0	1698	59	0	22	35	53	0	0	0	59	104	0	0	11	55	10
ERR3586830	28	61	0	5	2	15	0	0	0	0	3	0	0	44	0	774	33	0	5	18	27	0	0	0	30	57	0	0	1	25	8
ERR3586831	16	54	0	1	1	6	0	0	0	0	1	0	0	23	0	783	38	0	2	20	27	0	0	0	37	59	0	0	5	29	10
ERR3586832	32	99	0	8	2	32	0	0	0	0	2	0	0	49	0	1534	67	0	10	29	55	0	0	0	65	92	0	0	5	37	21
ERR3586833	393	603	0	118	26	221	0	3	3	3	72	0	4	728	0	18308	210	0	110	119	808	0	0	0	145	1067	0	0	39	13	2
ERR3586834	46	65	0	6	2	29	0	0	0	0	6	0	0	67	0	1194	19	0	22	14	57	1	0	0	13	80	0	0	11	0	1
ERR3586835	43	64	0	9	3	30	0	0	0	0	9	0	1	81	0	1205	21	0	11	20	48	3	0	0	13	87	0	0	12	1	1
ERR3586836	42	62	0	7	1	31	0	0	0	0	7	0	0	82	0	1130	20	0	24	17	40	0	0	0	13	76	0	0	10	3	6
ERR3586837	65	83	0	6	2	35	0	0	0	0	6	0	4	58	0	1180	18	0	20	15	57	3	0	0	16	83	0	0	13	1	1
ERR3586838	69	87	0	5	0	23	0	0	0	0	5	0	1	62	0	1202	18	0	19	11	67	4	0	0	14	69	0	0	8	1	3
ERR3586839	63	77	0	6	0	16	0	0	0	0	6	0	2	68	0	1186	14	0	23	16	49	2	0	0	10	81	0	0	7	3	2
ERR3586840	1947	2199	0	84	47	38	32	38	38	38	65	0	4	200	5	1180	256	0	19	130	84	14	0	0	228	154	1	0	98	2	9
ERR3586841	2001	2244	0	88	45	40	23	28	28	28	58	0	13	197	5	1196	248	0	16	130	65	10	0	0	221	170	3	0	90	4	6
ERR3586842	1869	2130	0	94	41	51	24	25	25	25	59	0	14	183	4	1185	264	0	24	131	82	15	0	0	237	170	1	0	75	3	6
ERR3586843	1832	2066	0	66	33	34	23	24	24	24	49	0	12	171	3	1173	237	0	22	115	91	11	0	0	217	175	2	0	73	1	12
ERR3586844	1929	2192	0	73	56	45	20	31	31	31	66	0	5	169	3	1232	264	0	24	122	67	8	0	0	233	151	0	0	66	5	7
ERR3586845	1827	2069	0	80	43	27	16	18	18	18	43	0	8	159	1	1147	243	0	23	115	49	12	0	0	223	149	1	0	95	4	14
ERR3586846	2536	2947	0	149	30	112	14	26	26	26	56	0	16	376	2	1812	413	0	59	247	177	16	0	0	381	505	16	0	222	23	2
ERR3586847	2610	3063	0	145	35	118	11	19	19	19	47	0	22	379	0	1848	452	0	52	240	191	17	0	0	424	499	20	0	188	25	4
ERR3586848	2427	2848	0	164	27	111	11	20	20	20	51	0	20	402	3	1751	422	0	56	253	199	11	0	0	389	500	19	0	192	22	2
ERR3586849	2512	2912	0	153	31	122	13	19	19	19	40	0	21	377	0	1792	400	0	39	249	208	21	0	0	379	511	21	0	197	24	6
ERR3586850	2542	2960	0	123	22	108	11	15	15	15	36	0	13	349	2	1752	419	0	58	213	193	20	0	0	397	495	12	0	207	21	3
ERR3586851	2474	2899	0	133	27	114	15	19	19	19	38	0	24	367	1	1844	426	0	50	196	181	14	0	0	406	510	20	0	200	23	1
ERR3586852	641	824	0	144	17	73	7	4	4	4	29	0	19	284	5	1687	183	0	52	152	124	30	0	0	164	278	20	0	77	71	3
ERR3586853	643	831	0	134	16	58	8	7	7	7	30	0	19	288	3	1713	188	0	69	157	115	29	0	0	169	260	13	0	83	65	3
ERR3586854	557	737	0	127	19	67	8	6	6	6	33	0	18	314	4	1651	180	0	66	154	125	25	0	0	159	245	11	0	103	65	2
ERR3586855	600	790	0	142	21	59	9	7	7	7	40	0	19	301	5	1677	190	0	71	177	109	30	0	0	165	241	11	0	85	76	4
ERR3586856	655	836	0	128	19	62	4	2	2	2	33	0	13	261	4	1701	181	0	76	148	114	32	0	0	154	246	8	0	95	74	2
ERR3586857	609	782	0	137	15	58	9	8	8	8	32	0	14	308	8	1694	173	0	52	168	104	30	0	0	155	230	12	0	100	60	2
ERR3586858	189	253	0	76	0	59	0	0	0	0	32	0	18	219	0	1104	64	0	30	105	110	1	0	0	48	98	2	0	87	49	9
ERR3586859	195	266	0	63	0	53	0	0	0	0	23	0	11	210	0	1212	71	0	35	81	107	2	0	0	59	100	0	0	71	59	9
ERR3586860	194	244	0	75	0	56	0	0	0	0	21	0	12	238	0	1110	50	0	27	87	137	4	0	0	40	91	1	0	61	52	7
ERR3586861	189	259	0	74	0	53	0	0	0	0	31	0	15	232	0	1070	70	0	32	87	117	1	0	0	52	95	2	0	46	49	6
ERR3586862	209	274	0	70	0	51	0	0	0	0	31	0	18	217	0	1135	65	0	40	83	118	3	0	0	52	85	0	0	68	54	11
ERR3586863	178	238	0	82	0	48	0	0	0	0	34	0	22	252	0	1127	60	0	43	88	123	4	0	0	46	112	2	0	90	54	12
ERR3586864	233	303	0	73	0	45	0	0	0	0	23	0	11	219	0	1120	70	0	38	102	119	5	0	0	56	83	2	0	70	48	3
ERR3586865	185	253	0	68	0	44	0	0	0	0	34	0	20	210	0	1084	68	0	39	82	134	3	0	0	54	103	0	0	87	52	5
ERR3586866	128	161	0	35	0	33	0	5	5	5	24	0	15	64	0	521	33	0	49	64	95	1	0	0	29	78	0	0	35	133	0
ERR3586867	178	218	0	36	0	39	0	10	10	10	36	0	24	72	0	511	40	0	27	64	89	3	0	0	38	93	0	0	27	137	0
ERR3586868	159	194	0	46	0	28	0	1	1	1	33	0	27	87	0	501	35	0	37	84	82	2	0	0	30	84	0	0	38	135	0
ERR3586869	150	180	0	42	0	39	0	5	5	5	30	0	23	61	0	492	30	0	31	70	84	1	0	0	28	68	0	0	38	146	0
ERR3586870	156	186	1	37	0	43	0	15	15	15	39	0	15	70	0	531	29	0	37	75	77	3	0	0	20	77	0	0	36	131	0
ERR3586871	159	190	0	43	0	33	0	7	7	7	38	0	24	82	0	545	31	0	35	73	83	2	0	0	24	81	0	0	38	141	0
ERR3586872	153	192	0	46	0	35	0	3	3	3	36	0	29	78	0	499	39	0	42	61	81	1	0	0	35	91	0	0	30	140	0
ERR3586873	166	200	0	40	0	30	0	9	9	9	35	0	21	90	0	487	34	0	38	63	95	3	0	0	29	90	0	0	25	130	0
ERR3586874	56	87	0	42	6	89	0	3	3	3	17	0	5	133	0	2485	31	0	32	31	135	0	0	0	22	145	0	0	8	0	2
ERR3586875	42	68	0	30	10	72	0	2	2	2	16	0	4	103	0	2487	26	0	35	23	135	0	0	0	16	146	0	0	9	0	2
ERR3586876	53	77	0	37	16	93	1	0	0	0	19	0	9	123	2	2426	23	0	43	31	149	0	0	0	13	142	0	0	7	0	4
ERR3586877	46	58	0	27	11	76	0	0	0	0	11	0	5	93	2	2361	12	0	52	16	133	0	0	0	6	133	0	0	17	0	2
ERR3586878	57	87	0	32	14	80	2	0	0	0	19	0	9	124	0	2474	30	0	32	35	134	0	0	0	20	171	0	0	7	1	2
ERR3586879	46	73	0	31	10	86	0	2	2	2	15	0	3	103	3	2542	27	0	35	29	153	1	0	0	17	156	0	0	11	1	2
ERR3586880	42	59	0	33	23	88	1	0	0	0	14	0	6	95	2	2513	17	0	25	19	145	0	0	0	9	150	0	0	14	0	3
ERR3586881	50	78	0	47	12	103	1	2	2	2	20	0	5	131	2	2398	28	0	46	28	157	0	0	0	15	144	0	0	8	0	1
ERR3586882	158	287	0	20	55	41	2	0	0	0	11	0	4	61	0	1302	129	0	16	24	97	3	0	0	122	103	0	0	7	3	8
ERR3586883	147	277	0	14	65	44	4	2	2	2	9	0	4	68	0	1320	130	0	18	22	106	4	0	0	127	105	0	0	4	1	7
ERR3586884	133	259	0	24	63	50	1	1	1	1	16	0	4	76	0	1365	126	0	18	24	101	1	0	0	115	97	0	0	5	2	7
ERR3586885	168	290	0	11	52	42	3	2	2	2	8	0	0	68	0	1324	122	0	19	18	109	1	0	0	116	96	0	0	10	4	5
ERR3586886	155	273	0	24	54	46	1	0	0	0	10	0	3	95	0	1394	118	0	24	22	107	1	0	0	111	100	0	0	7	6	3
ERR3586887	166	296	0	20	59	42	0	0	0	0	12	0	3	75	0	1401	130	0	28	23	103	0	0	0	121	93	0	0	8	4	12
ERR3586888	160	292	0	21	59	35	1	1	1	1	13	0	1	67	0	1418	132	0	19	23	95	0	0	0	121	110	0	0	6	2	4
ERR3586889	174	305	0	18	53	46	1	1	1	1	11	0	4	80	0	1319	131	0	29	20	90	1	0	0	125	99	0	0	9	2	3
ERR3586890	474	593	1	22	9	249	1	1	1	1	20	0	8	614	3	10912	118	0	126	49	560	16	0	0	107	555	0	0	59	2	22
ERR3586891	108	131	0	77	5	132	0	0	0	0	46	0	44	275	0	2726	23	0	104	133	332	0	0	0	21	324	0	0	16	107	20
ERR3586892	640	780	0	36	7	208	6	1	1	1	19	0	8	406	6	6989	140	0	82	69	550	4	0	0	130	489	2	0	55	0	9
ERR3586893	3581	3800	0	248	48	532	0	0	0	0	63	0	74	1106	0	5852	226	0	353	432	1182	13	0	0	219	931	11	0	225	366	4
ERR3586894	916	1085	0	44	23	184	0	0	0	0	44	0	26	235	0	3642	169	0	85	690	205	0	0	0	151	299	0	0	0	1393	0
ERR3586895	424	686	0	24	14	373	0	0	0	0	0	0	0	527	0	7594	262	0	230	395	375	0	0	0	262	514	0	0	67	1059	50
ERR3586896	244	319	0	88	2	223	0	0	0	0	34	0	27	315	0	3415	75	0	83	70	374	0	0	0	65	328	1	0	20	75	1
ERR3586897	3856	4503	0	433	41	47	0	66	66	66	424	0	113	1263	0	4884	590	0	157	758	202	22	0	0	345	414	0	0	214	849	89
ERR3586898	628	733	0	778	28	629	0	0	0	0	11	0	76	2239	0	8693	105	0	152	623	1046	4	0	0	102	1366	67	0	187	1	13
ERR3586899	80	84	0	18	3	38	2	2	2	2	12	0	9	52	0	1105	4	0	9	23	57	0	0	0	3	82	0	0	15	1	0
ERR3586900	1398	1615	5	2128	14	1064	0	9	9	9	63	0	198	4239	3	2148	211	3	60	1764	1834	105	0	0	170	1827	186	0	318	4	13
ERR3586901	1055	1381	0	81	17	122	0	59	59	59	115	0	31	379	0	2714	326	0	209	250	254	6	0	0	301	353	0	0	400	230	2
ERR3586902	84	152	0	29	48	39	0	0	0	0	10	0	10	263	0	1998	68	0	41	103	146	0	0	0	68	169	0	0	53	334	29
ERR3586903	45	85	0	13	3	37	0	1	1	1	7	0	0	44	0	807	40	0	147	18	43	10	0	0	34	59	0	0	4	0	8
ERR3586904	34	71	0	10	2	39	0	0	0	0	4	0	0	47	0	828	37	0	142	21	55	16	0	0	33	66	0	0	8	0	6
ERR3586905	40	84	0	8	0	25	0	0	0	0	6	0	0	34	0	787	44	0	167	17	43	11	0	0	38	55	0	0	9	0	9
ERR3586906	30	64	0	19	2	32	0	2	2	2	13	0	0	59	0	781	34	0	128	26	43	17	0	0	23	67	0	0	6	0	7
ERR3586907	46	79	0	12	2	31	0	0	0	0	5	0	0	41	0	800	33	0	138	17	34	9	0	0	28	58	0	0	3	0	7
ERR3586908	34	65	0	14	2	23	0	0	0	0	12	0	0	46	0	782	31	0	138	20	26	11	0	0	19	46	0	0	7	0	6
ERR3586909	24	61	0	12	1	24	0	0	0	0	8	0	0	41	0	796	37	0	168	18	50	12	0	0	29	56	0	0	4	0	2
ERR3586910	28	61	0	11	2	33	0	0	0	0	4	0	0	47	0	776	33	0	148	19	43	13	0	0	29	59	0	0	7	0	1
ERR3586911	40	56	0	42	0	78	2	1	1	1	8	0	3	105	0	1179	16	0	28	25	99	1	0	0	11	81	2	0	7	10	0
ERR3586912	41	64	0	41	1	57	0	0	0	0	13	0	8	134	0	1120	23	0	12	39	93	1	0	0	17	99	3	0	11	9	4
ERR3586913	43	70	0	28	0	52	0	0	0	0	9	0	2	99	0	1115	27	0	10	22	90	2	0	0	20	91	3	0	14	6	4
ERR3586914	49	76	0	39	3	65	0	2	2	2	21	0	11	118	0	1125	27	0	16	40	84	1	0	0	14	93	6	0	10	8	4
ERR3586915	43	70	0	33	1	50	1	2	2	2	16	0	6	124	0	1127	27	0	23	37	72	1	0	0	18	87	3	0	10	8	3
ERR3586916	39	73	0	39	2	57	2	1	1	1	18	0	8	105	0	1113	34	0	16	26	93	0	0	0	25	99	1	0	14	14	3
ERR3586917	36	52	0	37	1	75	1	0	0	0	4	0	3	98	0	1083	16	0	22	25	108	1	0	0	12	98	3	0	7	6	1
ERR3586918	38	58	0	32	3	60	0	0	0	0	13	0	8	111	0	1045	20	0	21	31	70	2	0	0	13	91	2	0	9	5	2
ERR3586919	182	251	2	25	3	36	0	0	0	0	13	0	5	127	0	1217	69	2	36	35	80	0	0	0	59	127	0	0	108	41	6
ERR3586920	189	247	0	25	3	42	0	0	0	0	13	0	10	142	0	1213	58	0	27	31	84	1	0	0	52	129	0	0	98	33	4
ERR3586921	191	247	0	21	2	33	0	0	0	0	10	0	8	128	0	1149	56	0	24	23	73	3	0	0	53	126	0	0	89	21	5
ERR3586922	173	229	0	19	1	37	0	0	0	0	11	0	6	117	0	1157	56	0	37	30	81	2	0	0	50	107	0	0	84	14	5
ERR3586923	185	235	0	27	3	45	0	1	1	1	9	0	5	132	0	1134	50	0	30	33	74	3	0	0	46	125	0	0	93	24	5
ERR3586924	168	215	1	28	1	50	0	0	0	0	7	0	3	131	0	1185	47	1	36	29	74	2	0	0	41	97	0	0	100	18	5
ERR3586925	174	233	2	27	1	37	0	0	0	0	10	0	2	118	0	1200	59	2	42	28	84	0	0	0	49	111	0	0	111	19	6
ERR3586926	182	228	1	26	0	40	0	0	0	0	11	0	5	130	0	1151	46	1	30	27	86	1	0	0	39	118	0	0	85	26	3
ERR3586927	96	137	3	32	4	29	0	2	2	2	17	0	10	58	0	544	41	3	22	29	61	2	0	0	29	58	4	0	84	2	2
ERR3586928	100	137	4	28	5	29	0	1	1	1	9	0	5	56	0	553	37	4	19	29	48	1	0	0	29	62	1	0	78	1	1
ERR3586929	90	135	1	24	6	28	0	1	1	1	14	0	7	67	0	519	45	1	20	28	44	3	0	0	37	61	1	0	81	3	1
ERR3586930	117	161	1	30	6	26	0	1	1	1	16	0	3	56	0	558	44	1	23	34	37	3	0	0	31	47	0	0	78	3	3
ERR3586931	93	137	2	26	8	22	0	1	1	1	11	0	5	56	0	549	43	1	23	35	35	3	0	0	37	48	0	0	80	2	0
ERR3586932	89	135	1	22	5	21	0	0	0	0	9	0	2	62	0	555	46	1	17	29	39	5	0	0	38	52	0	0	77	0	3
ERR3586933	89	137	2	35	4	29	0	0	0	0	13	0	5	60	0	546	48	2	17	33	39	0	0	0	37	62	1	0	75	2	4
ERR3586934	86	127	2	23	4	21	1	2	2	2	10	0	4	58	0	540	41	2	20	27	34	4	0	0	34	48	1	0	76	1	3
ERR3586935	1778	2176	0	141	61	143	2	3	3	3	37	0	7	581	0	3132	398	0	136	259	447	638	0	0	367	469	4	0	151	29	9
ERR3586936	435	537	1	76	11	227	12	15	15	15	47	0	14	398	5	5411	105	1	637	93	437	5	0	0	83	437	0	0	34	0	15
ERR3586937	183	239	0	48	18	120	5	5	5	5	36	0	18	255	0	4891	56	0	106	80	242	14	0	0	43	324	0	0	17	54	1
ERR3586938	373	524	0	134	6	144	2	5	5	5	83	0	10	496	0	3426	151	0	67	253	251	29	0	0	78	314	0	0	162	81	37
ERR3586939	364	517	7	24	64	219	0	0	0	0	0	0	0	352	0	4404	152	6	35	150	258	12	0	0	146	538	0	0	142	403	27
ERR3586940	79	153	0	121	0	198	3	2	2	2	22	0	8	203	0	2584	74	0	21	33	303	1	0	0	62	350	0	0	10	2	38
ERR3586941	405	434	0	122	41	164	0	0	0	0	29	0	3	151	0	4836	29	0	0	79	284	10	0	0	0	207	3	0	48	7	0
ERR3586942	2373	3161	0	564	82	147	0	0	0	0	227	0	38	1588	0	2436	788	0	72	860	287	387	0	0	592	538	6	0	146	536	0
ERR3586943	140	236	0	141	4	180	0	0	0	0	61	0	13	307	0	3451	96	0	50	165	277	23	0	0	48	245	0	0	102	60	0
ERR3586944	246	345	0	62	2	68	0	3	3	3	43	0	5	136	0	1956	105	0	21	98	114	37	0	0	64	199	0	0	21	19	1
ERR3586945	686	813	5	125	39	195	0	4	4	4	52	0	16	526	0	3999	125	3	40	210	264	56	0	0	90	454	0	0	62	21	6
ERR3586946	414	707	4	122	10	171	0	0	0	0	28	0	18	623	0	3324	289	0	128	133	299	4	0	0	262	477	17	0	25	78	32
ERR3586947	2332	3788	0	521	203	328	0	7	7	7	89	0	54	1554	2	2890	1459	0	196	632	713	52	0	0	1388	625	38	0	399	19	10
ERR3586948	42	73	0	36	11	111	0	1	1	1	20	0	6	193	0	3263	31	0	50	30	229	1	0	0	18	245	0	0	9	5	7
ERR3586949	132	250	0	164	5	205	3	3	3	3	79	0	20	404	0	4795	117	0	68	113	374	51	0	0	61	464	0	0	39	2	69
ERR3586950	60	1002	0	493	0	566	2	2	2	2	131	0	2	542	0	7005	942	0	0	172	602	0	0	0	813	322	2	0	37	24	0
ERR3586951	19	268	0	658	0	771	2	3	3	3	142	0	16	390	0	6706	249	0	21	154	944	0	0	0	110	733	10	0	235	12	1
ERR3586952	78	250	0	977	1	1014	0	0	0	0	81	0	18	281	0	4328	169	0	6	100	1071	0	0	0	91	324	3	0	48	56	3
ERR3586953	75	128	0	58	0	120	2	2	2	2	27	0	7	242	3	5101	56	0	89	59	212	1	0	0	33	238	0	0	14	7	2
ERR3586954	31	54	0	19	3	67	0	2	2	2	11	0	2	133	2	2486	23	0	19	21	127	0	0	0	16	134	0	0	18	0	3
ERR3586955	103	264	0	133	4	272	0	0	0	0	18	0	7	246	1	4810	161	0	121	42	447	4	0	0	149	387	1	0	61	2	45
ERR3586956	107	165	1	69	6	191	2	1	1	1	30	0	7	305	1	5838	57	0	42	58	328	3	0	0	35	379	0	0	34	3	15
ERR3586957	118	197	0	150	12	331	2	2	2	2	40	0	17	493	0	9550	79	0	71	73	458	2	0	0	53	606	3	0	15	5	39
ERR3586958	284	359	0	120	9	115	0	2	2	2	39	0	8	185	0	2695	75	0	27	111	218	12	0	0	46	191	0	3	46	33	0
ERR3586959	60	96	0	49	7	48	0	6	6	6	26	0	7	160	0	3361	36	0	90	60	102	0	0	0	23	168	0	0	34	39	0
ERR3586960	1418	1653	0	137	0	150	0	0	0	0	19	0	6	547	0	4613	235	0	218	244	306	0	0	0	216	795	5	0	320	635	0
ERR3586961	174	292	0	95	2	255	0	0	0	0	51	0	5	474	0	8270	118	0	142	126	477	9	0	0	72	492	0	0	38	88	0
ERR3586962	273	376	0	38	36	113	0	0	0	0	0	0	0	284	0	3999	103	0	62	86	352	0	0	0	103	379	0	0	54	207	15
ERR3586963	567	868	1	329	18	226	5	5	5	5	138	0	29	810	3	4500	300	0	120	397	349	21	0	0	180	483	15	0	259	9	11
ERR3586964	404	544	0	38	19	83	1	2	2	2	9	0	3	203	1	4002	141	0	108	78	201	91	0	0	135	162	1	0	44	7	3
ERR3586965	84	275	0	56	0	89	0	0	0	0	56	0	0	372	0	5194	191	0	20	223	383	0	0	0	135	588	0	0	0	0	0
ERR3586966	979	1473	0	67	75	70	1	5	5	5	31	0	6	365	0	2664	496	0	125	208	327	919	0	0	469	357	0	0	186	23	3
ERR3586967	930	1272	0	880	0	202	0	0	0	0	695	0	695	882	0	4845	342	0	166	746	202	97	0	0	342	1549	0	0	40	40	0
ERR3586968	801	979	13	72	21	291	12	12	12	12	59	0	0	518	0	6420	175	10	565	106	625	10	0	0	118	596	0	0	96	0	2
ERR3586969	436	544	0	120	30	146	0	0	0	0	32	0	17	339	0	4926	108	0	416	113	253	8	0	0	89	303	4	0	27	28	4
ERR3586970	386	600	0	72	43	105	0	0	0	0	53	0	20	507	0	7428	214	0	878	115	372	8	0	0	181	498	0	0	97	71	0
ERR3586971	780	1075	0	137	19	234	0	3	3	3	70	0	24	754	0	8378	295	0	986	252	726	11	0	0	252	543	0	0	66	163	6
ERR3586972	79	125	0	56	0	119	0	0	0	0	22	0	0	308	0	4502	46	0	48	71	266	0	0	0	24	342	0	0	32	85	4
ERR3586973	77	125	0	65	4	67	0	0	0	0	34	0	14	159	0	5171	48	0	61	67	126	40	0	0	28	197	0	0	15	2	3
ERR3586974	467	610	0	201	17	159	3	0	0	0	52	0	14	422	0	6453	143	0	98	245	212	244	0	0	100	262	6	0	85	8	1
ERR3586975	287	500	0	150	10	250	2	3	3	3	55	0	30	455	0	5517	212	0	138	110	394	1	0	0	180	520	2	0	127	6	13
ERR3586976	92	265	0	76	2	329	0	0	0	0	60	0	4	507	0	10542	173	0	101	83	935	0	0	0	117	927	0	0	26	10	0
ERR3586977	114	264	0	519	1	539	0	5	5	5	118	0	15	397	0	6472	149	0	31	142	571	0	0	0	45	363	3	0	106	46	5
ERR3586978	235	341	0	301	4	441	0	0	0	0	48	0	33	400	0	9378	106	0	68	85	667	2	0	0	76	651	13	0	52	4	0
ERR3586979	1399	1626	6	81	64	202	2	6	6	6	30	0	8	359	0	4678	225	6	100	89	321	16	0	0	203	394	0	0	131	4	10
ERR3586980	273	341	1	68	12	133	0	0	0	0	14	0	9	212	1	3292	68	1	73	57	205	18	0	0	61	233	0	0	122	4	25
ERR3586981	785	954	0	76	67	124	0	6	6	6	28	0	4	261	3	4472	170	0	90	86	209	481	0	0	150	238	0	0	70	13	3
ERR3586982	47	53	0	13	1	31	0	0	0	0	6	0	5	53	0	925	6	0	12	9	48	0	0	0	5	48	0	0	12	0	0
ERR3586983	271	338	2	78	21	159	5	5	5	5	38	0	17	266	2	5926	66	1	80	67	273	8	0	0	48	325	1	0	64	4	5
ERR3586984	234	373	0	76	23	142	1	3	3	3	30	0	3	310	0	7372	139	0	115	55	317	0	0	0	114	403	1	0	51	12	19
ERR3586985	197	550	0	80	0	268	0	0	0	0	36	0	4	1111	0	14389	353	0	120	58	800	0	0	0	321	1037	0	0	150	28	21
ERR3586986	596	971	0	71	18	251	0	0	0	0	33	0	24	1245	31	10333	375	0	241	113	671	45	0	0	349	1024	13	0	42	64	9
ERR3586987	33	42	0	0	0	119	0	0	0	0	0	0	0	59	0	496	9	0	14	29	58	0	0	0	9	59	0	0	18	0	0
ERR3586988	487	642	0	92	0	126	0	0	0	0	26	0	0	769	0	11052	155	0	232	103	501	0	0	0	129	828	0	0	271	583	0
ERR3586989	460	602	0	151	23	321	0	3	3	3	54	0	41	1131	0	13954	142	0	107	82	887	0	0	0	129	1126	17	0	57	5	21
ERR3586990	270	472	0	261	0	302	0	0	0	0	163	0	53	1155	0	8599	202	0	335	328	714	0	0	0	92	981	0	0	52	65	0
ERR3586991	44	57	0	22	0	27	0	2	2	2	10	0	5	54	0	946	11	0	14	12	44	0	0	0	8	45	0	0	9	0	0
ERR3586992	438	538	0	45	18	45	0	0	0	0	10	0	4	170	0	781	99	0	26	83	129	158	0	0	91	142	2	0	53	3	6
ERR3586993	140	175	2	32	1	80	7	8	8	8	24	0	8	122	6	1590	36	2	186	40	152	0	0	0	25	128	0	0	10	0	6
ERR3586994	119	150	0	16	10	37	0	0	0	0	8	0	8	104	0	1457	15	0	51	38	80	0	0	0	15	113	0	0	25	75	0
ERR3586995	57	68	0	14	7	29	0	0	0	0	6	0	5	68	0	1465	11	0	27	26	66	4	0	0	10	76	0	0	2	15	2
ERR3586996	27	55	0	37	4	58	0	0	0	0	6	0	2	73	0	896	28	0	12	9	94	1	0	0	24	120	0	0	1	2	17
ERR3586997	24	44	0	22	6	41	1	1	1	1	10	0	3	74	0	2266	20	0	16	18	118	0	0	0	14	135	0	0	6	7	2
ERR3586998	64	128	0	80	0	105	0	1	1	1	40	0	9	181	0	2434	64	0	42	53	209	28	0	0	34	268	0	0	31	0	33
ERR3586999	17	228	0	126	0	148	3	3	3	3	35	0	2	142	0	1790	211	0	1	46	149	0	0	0	179	86	2	0	8	8	0
ERR3587000	14	53	0	238	0	261	0	0	0	0	15	0	3	55	0	1019	39	0	1	20	264	0	0	0	24	79	0	0	19	21	1
ERR3587001	65	113	0	29	4	68	0	0	0	0	15	0	3	189	0	3241	48	0	58	33	146	3	0	0	35	190	1	0	16	2	8
ERR3587002	59	92	0	47	5	81	1	1	1	1	19	0	8	144	1	1846	34	0	26	25	138	2	0	0	23	171	0	2	5	1	23
ERR3587003	76	96	0	17	2	75	0	0	0	0	6	0	3	83	1	1210	20	0	12	30	87	0	0	0	17	90	0	0	24	2	4
ERR3587004	195	236	0	236	10	189	0	0	0	0	5	0	31	741	0	2738	41	0	40	195	334	3	0	0	39	422	28	0	62	0	3
ERR3587005	59	90	0	30	1	49	0	0	0	0	8	0	0	63	0	865	31	0	8	30	78	4	0	0	23	74	0	0	15	14	0
ERR3587006	383	445	0	36	0	32	0	0	0	0	5	0	2	140	0	1273	62	0	54	70	74	0	0	0	57	206	2	0	70	179	0
ERR3587007	31	34	0	6	1	6	0	0	0	0	3	0	2	28	0	386	3	0	1	6	21	0	0	0	2	33	0	0	9	0	1
ERR3587008	27	31	0	8	1	19	0	0	0	0	2	0	3	20	0	551	4	0	6	6	33	0	0	0	4	29	1	0	10	1	1
ERR3587009	285	375	0	20	5	43	0	15	15	15	27	0	4	106	0	784	90	0	61	76	76	3	0	0	82	88	0	0	114	54	0
ERR3587010	28	39	0	5	17	7	0	0	0	0	2	0	2	58	0	582	11	0	13	29	37	0	0	0	11	45	0	0	18	103	8
ERR3587011	60	89	0	22	8	35	0	0	0	0	10	0	2	59	0	894	29	0	10	27	48	3	0	0	21	39	1	0	64	7	11
ERR3587012	156	222	2	106	2	73	0	0	0	0	16	0	7	248	0	731	63	0	29	107	124	3	0	0	48	153	6	0	26	4	3
ERR3587013	74	88	0	261	0	106	0	1	1	1	4	0	6	618	0	1051	14	0	21	255	202	27	0	0	14	363	3	0	22	12	16
ERR3587014	117	160	2	102	0	64	1	1	1	1	14	0	14	255	0	640	42	2	12	126	118	3	0	0	34	159	6	0	29	4	1
ERR3587015	65	86	0	12	0	33	0	0	0	0	12	0	2	103	0	1471	21	0	27	22	56	0	0	0	11	89	0	0	15	1	6
ERR3587016	2201	2443	0	94	65	33	28	30	30	30	59	0	10	225	7	1389	244	0	27	138	82	22	0	0	221	181	2	0	94	3	13
ERR3587017	2705	3150	0	163	33	118	14	22	22	22	57	0	24	402	2	1938	444	0	60	238	216	15	0	0	407	542	20	0	227	22	5
ERR3587018	39	82	0	19	7	45	0	0	0	0	11	0	0	49	0	992	43	0	173	23	76	15	0	0	32	66	0	0	7	0	2
ERR3587019	106	155	1	54	3	43	7	6	6	6	25	0	6	127	1	806	47	0	20	63	54	14	0	0	33	88	0	0	4	3	3
ERR3587020	667	888	0	143	15	85	8	10	10	10	46	0	24	287	7	1877	221	0	55	166	137	35	0	0	195	286	10	0	120	75	2
ERR3587021	47	65	0	34	1	77	0	3	3	3	10	0	4	121	0	1213	18	0	13	28	96	1	0	0	12	106	4	0	9	10	7
ERR3587022	199	260	2	23	4	44	0	0	0	0	10	0	6	122	0	1331	61	2	42	33	91	1	0	0	55	141	0	0	102	31	10
ERR3587023	107	153	1	36	3	28	0	1	1	1	17	0	5	74	0	552	46	1	19	34	46	2	0	0	34	58	0	0	78	2	5
ERR3587024	195	305	0	69	3	40	0	0	0	0	24	0	9	225	0	1060	110	0	31	99	81	6	0	0	93	123	2	0	44	14	7
ERR3587025	886	1307	0	224	64	174	0	1	1	1	93	0	28	624	4	1220	421	0	58	452	261	41	0	0	336	383	17	0	243	92	2
ERR3587026	216	301	0	97	0	73	0	0	0	0	40	0	24	259	0	1257	85	0	41	113	144	2	0	0	68	111	1	0	69	49	6
ERR3587027	407	570	7	115	2	53	1	14	14	14	65	0	4	193	5	1091	168	7	52	127	99	11	0	0	109	105	0	15	199	3	8
ERR3587028	211	246	1	53	0	46	0	14	14	14	46	0	24	103	0	583	34	0	48	80	104	2	0	0	26	95	0	0	40	167	0
ERR3587029	396	740	42	57	33	41	0	0	0	0	31	0	0	173	0	927	302	0	55	259	62	0	0	0	271	184	0	0	19	325	0
ERR3587030	86	126	1	27	20	47	0	0	0	0	18	0	15	132	0	1612	36	0	48	47	95	88	0	0	33	157	0	0	11	4	8
ERR3587031	40	95	0	16	2	33	0	0	0	0	6	0	0	56	0	1566	55	0	23	33	53	0	0	0	49	86	0	0	5	27	14
ERR3587032	102	154	0	41	12	77	1	0	0	0	29	0	5	214	0	5127	52	0	53	47	247	0	0	0	28	307	0	0	8	3	2
ERR3587033	56	79	0	36	12	91	0	0	0	0	14	0	9	103	3	2776	23	0	36	24	162	0	0	0	18	169	0	0	12	1	7
ERR3587034	174	313	0	22	58	44	1	1	1	1	14	0	4	85	0	1588	139	0	28	20	112	1	0	0	130	114	0	0	12	5	6
ERR3587035	382	467	0	28	19	32	0	0	0	0	7	0	1	118	0	601	85	0	26	53	82	122	0	0	79	90	0	0	32	7	2
ERR3587036	322	491	0	35	30	29	1	0	0	0	9	0	0	124	0	858	169	0	44	68	106	290	0	0	160	118	0	0	62	11	1
ERR3587037	86	111	1	19	5	54	3	3	3	3	10	0	3	73	3	1132	25	1	146	19	96	2	0	0	20	86	0	0	7	0	0
ERR3587038	86	119	0	9	11	35	0	0	0	0	4	0	4	71	0	1051	17	0	36	32	65	0	0	0	17	87	0	0	17	54	0
ERR3587039	27	42	0	13	4	25	0	0	0	0	7	0	2	55	0	1030	15	0	22	13	47	4	0	0	10	63	0	0	3	13	1
ERR3587040	17	34	0	23	0	35	0	0	0	0	8	0	0	86	0	1306	17	0	8	15	96	0	0	0	9	99	0	0	14	18	4
ERR3587041	139	197	0	59	3	47	0	2	2	2	34	0	5	176	0	1175	58	0	14	88	81	9	0	0	28	116	0	0	55	23	13
ERR3587042	140	182	9	14	19	62	0	0	0	0	0	0	0	103	0	1495	42	9	6	51	71	6	0	0	33	178	0	0	36	132	7
ERR3587043	11	25	0	21	0	38	0	0	0	0	3	0	2	55	0	609	14	0	10	5	58	1	0	0	12	92	1	0	2	1	8
ERR3587044	144	158	0	45	6	65	0	0	0	0	14	0	3	59	0	1687	14	0	0	33	113	4	0	0	0	75	3	0	27	1	0
ERR3587045	712	989	0	219	25	46	0	0	0	0	85	0	13	532	0	788	277	0	22	275	88	112	0	0	201	164	4	0	48	160	0
ERR3587046	49	78	0	37	3	65	0	0	0	0	14	0	1	95	0	1092	29	0	13	39	127	6	0	0	16	88	0	0	26	20	0
ERR3587047	125	173	0	34	5	28	0	0	0	0	23	0	2	100	0	1139	51	0	19	64	70	32	0	0	27	109	0	0	12	9	1
ERR3587048	213	267	0	45	9	66	0	2	2	2	19	0	6	160	0	1372	54	0	15	59	82	18	0	0	43	142	0	0	25	3	0
ERR3587049	109	166	1	27	4	56	0	0	0	0	4	0	5	138	0	888	56	0	22	39	85	0	0	0	52	134	5	0	8	12	12
ERR3587050	651	1070	0	156	60	89	0	1	1	1	19	0	15	482	0	780	419	0	59	200	177	16	0	0	403	206	11	0	120	9	6
ERR3587051	21	41	0	15	3	54	0	1	1	1	8	0	3	78	0	1570	20	0	25	12	90	0	0	0	16	116	0	0	4	1	5
ERR3587052	11	18	0	16	8	35	0	0	0	0	4	0	1	58	0	1609	7	0	23	6	86	1	0	0	4	97	0	0	3	2	0
ERR3587053	48	99	0	74	2	96	1	1	1	1	36	0	10	164	0	1765	51	0	16	51	162	23	0	0	26	188	0	0	19	1	27
ERR3587054	12	153	0	94	0	109	0	0	0	0	24	0	2	95	0	1275	141	0	1	34	125	0	0	0	118	55	1	0	6	4	0
ERR3587055	2	68	0	188	0	241	0	0	0	0	29	0	2	100	0	1847	66	0	4	33	284	0	0	0	37	209	0	0	53	5	0
ERR3587056	20	44	0	162	0	177	0	0	0	0	10	0	4	46	0	739	24	0	3	15	180	0	0	0	14	70	0	0	9	16	0
ERR3587057	5	21	0	12	0	33	0	0	0	0	5	0	0	75	1	1521	17	0	32	13	69	2	0	0	11	82	0	0	5	4	4
ERR3587058	10	17	0	5	0	29	1	2	2	2	3	0	1	47	0	848	7	0	3	2	34	0	0	0	6	45	0	0	9	0	1
ERR3587059	27	65	0	27	0	69	1	1	1	1	3	0	0	68	0	1186	38	0	27	10	120	1	0	0	36	129	0	0	17	0	10
ERR3587060	29	55	0	21	2	60	0	1	1	1	18	0	3	109	0	1853	26	0	17	30	107	2	0	0	11	117	1	0	5	1	6
ERR3587061	30	53	0	36	2	86	1	1	1	1	11	0	2	136	0	2863	23	0	28	21	143	0	0	0	15	183	0	0	11	2	13
ERR3587062	116	152	1	4	1	64	0	0	0	0	4	0	2	148	0	2715	35	0	21	15	153	0	0	0	33	134	0	0	11	1	6
ERR3587063	31	39	0	16	1	32	0	0	0	0	12	0	11	74	0	785	8	0	24	39	88	0	0	0	7	102	0	0	4	37	4
ERR3587064	150	186	0	8	1	48	0	0	0	0	5	0	2	100	1	1617	36	0	28	15	122	0	0	0	33	109	0	0	10	0	6
ERR3587065	971	1025	0	67	6	146	0	0	0	0	12	0	17	297	0	1577	55	0	94	114	323	5	0	0	54	214	5	0	54	94	1
ERR3587066	205	257	0	12	4	41	0	0	0	0	12	0	4	52	0	910	52	0	17	141	45	0	0	0	44	73	0	0	0	312	0
ERR3587067	136	221	0	7	6	114	0	0	0	0	0	0	0	177	0	2216	85	0	72	119	111	0	0	0	85	158	0	0	12	308	14
ERR3587068	77	115	0	32	3	75	0	0	0	0	17	0	9	116	0	1177	38	0	28	30	119	0	0	0	28	110	0	0	3	33	0
ERR3587069	1485	1753	0	176	11	20	0	53	53	53	192	0	28	490	0	1906	252	0	66	311	90	7	0	0	141	175	0	0	92	284	44
ERR3587070	15	20	0	17	0	10	0	0	0	0	3	0	2	37	0	1034	5	0	22	14	32	0	0	0	4	43	0	0	16	10	0
ERR3587071	462	527	0	654	5	285	0	1	1	1	16	0	48	1370	1	638	63	0	25	568	542	30	0	0	54	625	44	0	96	2	4
ERR3587072	51	92	0	25	0	75	0	0	0	0	15	0	3	139	0	2348	42	0	52	25	130	2	0	0	29	140	0	0	9	2	9
ERR3587073	174	220	0	46	1	80	2	4	4	4	28	0	10	148	0	1294	46	0	45	56	128	5	0	0	32	203	0	0	31	0	9
ERR3587074	175	228	0	31	3	64	1	0	0	0	17	0	4	129	0	1493	52	0	24	40	118	3	0	0	37	159	0	0	7	0	1
ERR3587075	48	65	0	25	4	60	0	0	0	0	15	0	7	101	0	1341	17	0	19	23	94	1	0	0	9	121	0	0	4	0	13
ERR3587076	37	49	1	9	2	48	0	1	1	1	4	0	2	52	0	903	12	1	17	16	53	0	0	0	10	58	0	0	16	0	3
ERR3587077	361	578	0	127	11	72	6	7	7	7	71	0	8	274	1	1332	217	0	45	195	71	42	0	0	157	273	3	0	78	0	22
ERR3587078	40	115	0	19	0	52	0	0	0	0	12	0	2	293	0	3453	75	0	32	17	189	0	0	0	65	262	0	0	45	7	3
ERR3587079	129	211	0	16	5	56	0	0	0	0	8	0	6	293	7	2316	82	0	54	28	138	8	0	0	75	221	5	0	10	17	1
ERR3587080	10	15	0	0	0	26	0	0	0	0	0	0	0	15	0	100	5	0	2	10	16	0	0	0	5	17	0	0	3	0	0
ERR3587081	98	134	0	18	0	21	0	0	0	0	7	0	0	164	0	2114	36	0	44	22	95	0	0	0	29	172	0	0	58	110	0
ERR3587082	110	148	0	48	4	88	0	0	0	0	17	0	11	305	0	3630	38	0	31	24	219	0	0	0	32	279	7	0	20	1	7
ERR3587083	45	91	0	63	0	82	0	0	0	0	37	0	5	247	0	1814	46	0	92	76	163	0	0	0	14	224	0	0	16	7	0
ERR3587084	53	85	0	29	1	56	0	0	0	0	20	0	3	146	0	2398	32	0	44	39	140	0	0	0	15	141	0	0	17	19	1
ERR3587085	621	666	0	22	7	29	0	0	0	0	12	0	0	120	0	1820	45	0	50	21	131	5	0	0	33	153	0	0	50	25	0
ERR3587086	97	134	0	11	14	34	0	0	0	0	0	0	0	90	0	1186	37	0	17	26	107	0	0	0	37	106	0	0	15	63	4
ERR3587087	154	218	0	97	6	53	0	0	0	0	37	0	13	237	0	1220	64	0	35	114	80	6	0	0	32	136	7	0	43	3	2
ERR3587088	133	165	0	21	10	31	1	0	0	0	4	0	1	48	0	1143	32	0	35	34	60	30	0	0	29	45	0	0	12	2	0
ERR3587089	15	73	0	20	0	20	0	0	0	0	20	0	0	114	0	1418	58	0	8	82	93	0	0	0	38	153	0	0	0	0	0
ERR3587090	211	290	0	192	0	53	0	0	0	0	145	0	145	173	0	1160	79	0	36	162	53	23	0	0	79	315	0	0	11	9	0
ERR3587091	220	281	0	15	2	93	4	4	4	4	14	0	0	158	0	1945	61	0	174	31	184	2	0	0	51	187	0	0	32	0	1
ERR3587092	134	162	0	31	4	58	0	0	0	0	8	0	1	95	0	1404	28	0	109	37	79	4	0	0	21	96	0	0	8	7	5
ERR3587093	92	138	0	10	9	28	0	0	0	0	9	0	0	122	0	1724	46	0	218	29	91	0	0	0	37	107	0	0	19	15	0
ERR3587094	205	312	0	36	3	49	0	0	0	0	17	0	5	202	0	2130	107	0	286	78	175	8	0	0	95	145	0	0	22	43	1
ERR3587095	22	30	0	28	0	34	0	0	0	0	7	0	3	39	0	1352	8	0	18	12	44	6	0	0	4	40	0	0	4	0	1
ERR3587096	119	167	0	56	4	49	1	0	0	0	11	0	2	92	0	1594	49	0	29	69	76	73	0	0	37	76	4	0	24	0	0
ERR3587097	77	132	0	30	3	58	0	0	0	0	8	0	6	92	0	1370	55	0	27	24	81	1	0	0	50	104	0	0	21	4	6
ERR3587098	33	82	0	25	1	94	0	0	0	0	21	0	1	157	0	2971	49	0	33	29	271	0	0	0	29	286	0	0	8	5	0
ERR3587099	38	85	0	136	0	132	1	3	3	3	38	0	3	109	0	1556	47	0	8	40	141	0	0	0	15	96	0	0	26	10	0
ERR3587100	56	82	0	84	0	135	0	0	0	0	10	0	9	105	0	2332	26	0	16	23	182	1	0	0	19	186	6	0	14	4	0
ERR3587101	421	504	2	19	21	71	0	0	0	0	9	0	1	106	0	1408	83	2	30	33	88	5	0	0	73	111	0	0	26	2	1
ERR3587102	91	113	1	21	1	42	0	1	1	1	7	0	4	68	0	916	22	1	13	25	75	3	0	0	19	77	0	0	44	0	13
ERR3587103	218	274	0	16	21	34	0	2	2	2	11	0	2	61	0	1213	57	0	21	19	52	134	0	0	48	67	1	0	20	3	2
ERR3587104	75	103	0	25	3	43	1	1	1	1	13	0	5	74	1	1787	27	0	25	20	63	2	0	0	20	79	0	0	18	4	3
ERR3587105	62	101	0	25	8	34	0	1	1	1	7	0	1	98	0	2001	39	0	26	18	75	0	0	0	34	111	0	0	9	1	2
ERR3587106	326	444	0	210	21	330	0	0	0	0	61	0	76	494	0	6569	118	0	80	144	388	14	0	0	101	492	32	0	91	0	75
ERR3587107	2907	3453	0	1747	211	1332	0	35	35	35	88	0	212	4628	0	7237	547	0	294	2100	2015	97	0	0	506	2385	190	0	1723	644	67
ERR3587108	360	511	1	379	115	380	0	4	4	4	39	0	70	848	0	6180	151	1	112	319	467	10	0	0	145	585	32	0	160	4	14
ERR3587109	2029	2832	0	1648	91	965	3	13	13	13	90	0	183	3561	0	6307	813	0	118	2358	1543	106	0	0	750	1622	145	0	1237	1021	7
ERR3587110	1145	1552	0	308	9	1018	11	20	20	20	181	0	26	1096	8	8834	415	0	162	717	599	165	0	0	257	787	16	0	296	14	5
ERR3587111	388	513	2	191	14	326	0	4	4	4	47	0	35	613	0	7584	127	2	111	194	469	10	0	0	106	632	6	0	118	49	92
ERR3587112	297	399	0	198	62	267	0	2	2	2	35	0	16	662	4	4342	102	0	73	324	452	5	0	0	79	456	6	0	230	343	10
ERR3587113	4024	4467	0	341	111	120	74	105	105	105	244	0	141	761	0	2996	445	0	110	417	332	120	0	0	434	850	0	6	399	0	0
ERR3587114	641	978	27	180	19	1315	15	26	26	26	73	0	10	937	3	3721	325	15	68	725	390	19	0	0	266	488	10	0	113	511	182
ERR3587115	4409	5107	7	524	49	1469	17	41	41	41	135	0	36	1856	11	3604	691	0	62	907	378	114	0	0	622	525	2	0	209	0	105
ERR3587116	914	1256	11	237	8	675	98	136	136	136	212	0	56	773	6	3444	337	7	103	452	595	19	0	0	273	548	29	1	98	282	262
ERR3587117	202	299	0	77	3	278	0	2	2	2	30	0	23	189	0	2281	97	0	31	196	238	18	0	0	90	208	2	0	38	353	102
ERR3587118	4073	4392	0	140	6	283	12	2	2	2	84	0	43	2571	0	4295	329	0	177	633	285	65	0	0	253	435	13	0	776	1287	17
ERR3587119	99	186	0	85	3	267	8	8	8	8	31	0	15	543	0	7744	85	0	81	165	485	21	0	0	77	423	0	0	66	444	4
ERR3587120	204	274	1	75	4	264	0	1	1	1	39	0	15	485	0	5636	70	1	105	122	411	1	0	0	46	456	0	0	72	126	1
ERR3587121	111	175	0	39	10	150	0	0	0	0	23	0	13	382	0	3403	64	0	41	64	229	0	0	0	54	342	0	0	71	0	1
ERR3587122	4858	5809	0	480	21	434	59	34	34	34	103	0	29	4510	0	7237	951	0	105	1298	893	31	0	0	893	1625	12	0	1338	836	0
ERR3587123	312	483	0	160	9	262	11	8	8	8	90	0	53	602	0	6170	170	0	167	203	398	3	0	0	135	480	2	0	108	373	6
ERR3587124	471	630	0	105	20	353	4	10	10	10	67	0	13	534	0	6858	159	0	220	232	559	16	0	0	111	671	4	0	94	292	9
ERR3587125	1156	1325	0	669	34	417	0	22	22	22	109	0	70	1574	0	6258	171	0	143	683	707	32	0	0	88	779	49	0	116	197	43
ERR3587126	9815	10431	0	690	49	445	0	40	40	40	142	0	41	3010	0	4431	616	0	482	778	903	66	0	0	542	1515	15	0	156	1389	19
ERR3587127	1232	1386	0	649	6	580	3	0	0	0	37	0	103	2028	0	7016	154	0	161	911	736	0	0	0	125	918	95	0	70	1078	31
ERR3587128	386	525	0	64	7	242	5	5	5	5	22	0	10	772	0	4596	138	0	102	207	330	27	0	0	128	545	2	0	65	268	20
ERR3587129	1629	2415	0	919	28	395	12	4	4	4	554	0	108	3541	4	7839	782	0	269	1612	5056	1717	0	0	281	3595	59	0	405	833	175
ERR3587130	154	234	0	79	21	121	7	3	3	3	26	0	5	672	9	5904	80	0	46	114	196	11	0	0	62	236	0	0	79	0	8
ERR3587131	677	1006	4	163	21	370	13	4	4	4	57	0	13	734	0	10803	329	5	837	563	857	12	0	0	284	864	0	0	65	976	11
ERR3587132	488	1150	0	265	0	132	0	0	0	0	249	0	187	476	0	4350	662	0	6	3921	379	0	0	0	600	559	0	0	104	10358	0
ERR3587133	559	996	0	227	23	463	0	0	0	0	118	0	30	920	0	11137	437	0	37	2049	880	59	0	0	349	946	0	0	46	2840	0
ERR3587134	1200	2213	0	586	14	220	3	9	9	9	515	0	375	1137	0	5711	648	0	153	838	500	30	0	0	510	592	0	0	419	553	19
ERR3587135	157	222	0	62	2	232	4	4	4	4	38	0	17	353	0	5782	65	0	97	149	338	7	0	0	43	376	0	0	66	206	4
ERR3587136	76	134	0	203	17	356	0	1	1	1	18	0	7	185	0	3411	58	0	20	79	475	4	0	0	45	329	3	0	67	152	1
ERR3587137	103	223	0	247	55	467	0	2	2	2	61	0	19	288	0	6217	120	0	36	197	637	47	0	0	78	496	1	0	208	341	6
ERR3587138	118	310	1	273	0	729	1	4	4	4	125	0	21	405	0	6205	191	0	20	217	1181	0	0	0	91	958	0	0	162	280	0
ERR3587139	122	321	0	534	5	824	1	1	1	1	144	4	11	565	1	11187	199	0	26	215	1195	0	0	0	66	1404	0	0	520	327	0
ERR3587140	37	129	0	365	0	480	9	8	8	8	82	0	0	289	0	5499	92	0	25	111	641	0	0	0	18	516	0	0	112	177	0
ERR3587141	1558	1888	17	2610	12	1090	7	14	14	14	83	0	182	7037	7	5610	330	17	311	2875	1967	11	0	0	273	3324	148	0	298	531	29
ERR3587142	1390	1524	1	848	12	567	0	5	5	5	35	0	120	2324	2	5345	133	0	45	2086	799	43	0	0	125	1144	96	0	93	742	23
ERR3587143	467	553	6	73	7	283	7	7	7	7	29	0	4	416	0	3472	80	0	38	189	363	27	0	0	61	299	1	0	74	242	25
ERR3587144	1012	1085	1	113	10	284	3	1	1	1	36	0	21	807	0	4898	73	1	71	152	351	16	0	0	56	330	5	0	42	344	6
ERR3587145	1443	2370	0	144	0	70	39	40	40	40	184	0	0	1145	0	7336	927	0	444	1037	266	0	0	0	783	932	0	0	264	3867	0
ERR3587146	7022	7862	4	3408	295	2950	3	3	3	3	139	0	690	4927	3	5182	833	0	325	1791	4041	329	0	0	756	2316	561	0	308	824	13
ERR3587147	4590	5177	0	433	96	389	0	10	10	10	171	0	62	1219	0	11597	587	0	81	296	717	96	0	0	426	968	62	0	158	13	11
ERR3587148	7510	7775	0	159	182	279	1	10	10	10	81	0	58	1069	9	3681	266	0	110	374	915	112	0	0	241	356	5	0	134	417	7
ERR3587149	2412	2871	0	197	51	402	22	59	59	59	181	0	41	978	0	14846	459	0	240	383	875	70	0	0	378	1079	0	0	144	20	105
ERR3587150	1295	2030	7	244	527	527	0	3	3	3	76	0	56	1193	0	11984	729	7	365	565	1311	352	0	0	702	1376	8	0	173	968	18
ERR3587151	265	313	0	149	8	94	0	1	1	1	27	0	16	370	0	1524	49	0	34	153	163	5	0	0	22	184	12	0	27	60	8
ERR3587152	58	97	0	59	6	111	0	1	1	1	17	0	16	109	0	970	39	0	16	54	145	0	0	0	38	116	0	0	14	36	18
ERR3587153	26	42	0	8	7	72	0	0	0	0	1	0	0	76	0	1127	16	0	7	19	105	0	0	0	15	65	0	0	15	8	3
ERR3587154	99	135	0	52	4	103	0	1	1	1	14	0	9	151	1	2022	37	0	27	59	136	2	0	0	29	168	1	0	26	8	27
ERR3587155	1857	2076	0	860	58	767	0	0	0	0	53	0	172	1293	0	1297	215	0	70	465	1019	75	0	0	189	590	124	0	92	231	5
ERR3587156	341	501	1	58	130	141	0	2	2	2	22	0	18	283	0	2985	159	1	90	129	322	76	0	0	153	306	5	0	37	251	3
ERR3587157	175	416	0	72	0	45	0	0	0	0	65	0	48	176	0	1348	241	0	1	1032	158	0	0	0	224	216	0	0	29	2872	0
ERR3587158	213	355	0	73	11	142	0	0	0	0	43	0	16	306	0	3647	142	0	20	639	286	15	0	0	115	333	0	0	10	858	0
ERR3587159	1053	1136	0	41	4	70	3	1	1	1	28	0	14	661	0	1005	90	0	52	185	65	12	0	0	62	109	5	0	167	349	6
ERR3587160	2164	2301	0	138	18	76	1	14	14	14	41	0	13	739	0	1071	137	0	114	171	188	21	0	0	116	351	6	0	26	323	0
ERR3587161	319	365	0	172	1	143	0	0	0	0	10	0	20	539	0	1861	46	0	31	261	194	0	0	0	38	259	18	0	10	295	4
ERR3587162	502	705	0	366	24	220	1	3	3	3	21	0	46	869	0	1532	205	0	37	568	385	18	0	0	196	379	34	0	299	260	0
ERR3587163	531	879	0	41	0	27	10	10	10	10	51	0	0	375	0	2584	348	0	161	378	101	0	0	0	307	369	0	0	88	1329	0
ERR3587164	30	47	0	20	3	26	0	0	0	0	6	0	2	168	3	1404	17	0	14	19	49	4	0	0	13	64	0	0	14	0	4
ERR3587165	162	259	3	50	8	91	4	3	3	3	20	0	2	174	0	2777	98	3	186	137	197	1	0	0	79	205	0	0	19	222	0
ERR3587166	977	1143	0	113	9	340	1	18	18	18	52	0	16	396	3	854	166	0	9	201	86	20	0	0	146	119	0	0	53	0	19
ERR3587167	102	131	0	55	4	69	0	0	0	0	23	0	23	127	0	1611	29	0	19	41	75	5	0	0	23	130	6	0	30	0	13
ERR3587168	1137	1296	0	118	31	98	0	5	5	5	48	0	14	334	0	2992	159	0	16	85	178	27	0	0	116	210	14	0	24	3	3
ERR3587169	588	703	0	53	12	113	7	13	13	13	42	0	8	277	0	3790	115	0	62	98	239	19	0	0	94	302	0	0	23	7	29
ERR3587170	20	31	0	5	4	36	0	0	0	0	3	0	1	74	0	776	11	0	14	16	60	0	0	0	9	67	0	0	15	0	0
ERR3587171	97	135	0	23	4	71	1	1	1	1	14	0	1	134	0	1792	38	0	46	60	129	2	0	0	26	167	0	0	13	74	2
ERR3587172	2422	2521	0	162	2	197	2	0	0	0	32	0	55	369	0	3048	99	0	25	249	266	8	0	0	85	237	27	0	58	279	13
ERR3587173	85	123	0	25	2	71	2	3	3	3	11	0	4	196	1	1116	38	0	24	44	84	5	0	0	34	136	0	0	14	71	8
ERR3587174	412	605	0	233	8	91	2	1	1	1	139	0	28	870	2	1889	192	0	66	378	1190	413	0	0	71	870	11	0	106	249	35
ERR3587175	68	91	0	50	15	76	0	0	0	0	8	0	5	175	0	1170	23	0	26	72	130	4	0	0	18	133	2	0	61	97	1
ERR3587176	1100	1220	0	87	32	41	24	34	34	34	72	0	37	183	0	839	120	0	41	103	109	38	0	0	117	231	0	2	135	0	0
ERR3587177	196	277	6	47	4	324	4	7	7	7	18	0	4	229	3	988	80	5	13	180	98	4	0	0	65	104	4	0	26	115	50
ERR3587178	232	317	4	59	0	181	23	37	37	37	53	0	18	197	2	854	81	1	28	104	171	1	0	0	71	156	10	1	19	79	74
ERR3587179	52	82	0	18	0	75	0	1	1	1	8	0	7	54	0	605	30	0	6	47	62	6	0	0	28	46	2	0	14	98	24
ERR3587180	656	763	0	345	48	272	0	6	6	6	14	0	52	1019	0	1631	107	0	58	416	427	22	0	0	104	498	45	0	370	162	13
ERR3587181	79	113	0	72	27	92	0	2	2	2	5	0	12	176	0	1461	34	0	25	68	114	3	0	0	33	156	9	0	33	1	2
ERR3587182	301	387	0	84	1	237	2	3	3	3	44	0	3	302	2	2285	86	0	35	200	120	42	0	0	46	192	2	0	80	7	2
ERR3587183	323	398	4	657	1	260	1	3	3	3	18	0	33	1643	2	1370	75	4	84	705	464	3	0	0	59	758	28	0	61	126	8
ERR3587184	398	432	2	216	2	158	0	4	4	4	10	0	30	619	0	1346	32	0	10	548	220	9	0	0	30	335	25	0	21	199	3
ERR3587185	126	152	1	24	1	71	2	4	4	4	12	0	2	108	2	917	25	0	17	49	100	2	0	0	19	82	0	0	28	72	6
ERR3587186	263	292	0	31	1	54	0	0	0	0	16	0	6	180	0	1387	29	0	12	41	84	4	0	0	19	94	1	0	4	95	4
ERR3587187	34	60	0	23	0	62	3	4	4	4	15	0	4	154	0	1842	26	0	11	42	121	3	0	0	19	124	0	0	19	104	1
ERR3587188	50	67	0	14	5	55	0	0	0	0	10	0	6	124	1	1490	17	0	17	26	91	1	0	0	13	114	0	0	21	39	0
ERR3587189	1118	1302	0	103	8	102	13	4	4	4	22	0	5	1003	0	1618	184	0	24	275	203	9	0	0	167	376	2	0	311	202	0
ERR3587190	72	126	0	46	2	68	4	3	3	3	26	0	12	141	0	1532	53	0	37	57	106	0	0	0	42	128	0	0	20	99	4
ERR3587191	32	79	0	64	0	222	1	1	1	1	21	0	2	101	0	1765	47	0	3	59	318	0	0	0	29	267	0	0	50	100	0
ERR3587192	24	73	0	130	0	205	1	1	1	1	37	0	2	173	1	3040	49	0	13	61	317	0	0	0	14	367	0	0	140	96	0
ERR3587193	15	45	0	80	0	117	2	3	3	3	25	0	0	81	0	1567	30	0	7	32	167	0	0	0	8	162	0	0	34	60	0
ERR3587194	1812	1868	0	35	32	66	0	3	3	3	22	0	17	230	1	920	54	0	26	83	207	26	0	0	52	89	0	0	17	113	1
ERR3587195	18	34	0	59	1	88	0	0	0	0	7	0	3	48	1	819	16	0	3	25	110	1	0	0	11	79	1	0	10	34	2
ERR3587196	26	64	0	64	16	135	0	1	1	1	19	0	3	95	0	1687	38	0	13	43	187	12	0	0	23	168	0	0	53	83	0
ERR3587197	304	386	0	74	19	303	9	15	15	15	71	0	34	396	0	4967	83	0	94	105	500	17	0	0	60	495	0	0	65	2	20
ERR3587198	170	207	3	42	4	156	0	0	0	0	11	0	4	246	0	3644	37	3	27	46	235	53	0	0	27	218	0	0	28	5	33
ERR3587199	116	148	0	74	3	230	3	3	3	3	23	0	12	266	0	3357	31	0	32	36	281	36	0	0	20	281	2	0	39	2	17
ERR3587200	321	366	0	120	5	229	0	2	2	2	22	0	34	385	0	4308	45	0	82	99	360	85	0	0	40	422	10	0	88	1	2
ERR3587201	60	67	0	7	2	54	0	2	2	2	7	0	4	83	0	986	7	0	19	12	103	3	0	0	6	103	0	0	11	2	6
ERR3587202	21	26	0	12	0	40	0	0	0	0	1	0	1	44	0	578	5	0	3	10	44	8	0	0	5	30	0	0	5	0	4
ERR3587203	27	36	0	24	0	49	0	0	0	0	7	0	4	53	0	717	9	0	7	11	64	4	0	0	5	54	1	0	13	0	7
ERR3587204	58	64	0	26	1	66	0	0	0	0	2	0	11	73	0	907	6	0	21	17	81	21	0	0	5	60	4	0	11	1	0
